match_id,start_time,avg_mmr,num_mmr,game_mode,lobby_type,account_id,hero_id,win
6557257302,1651824585,7770,8,2,1,898754153,46,True
6557257302,1651824585,7770,8,2,1,173978074,90,True
6557257302,1651824585,7770,8,2,1,118134220,69,True
6557257302,1651824585,7770,8,2,1,157475523,114,True
6557257302,1651824585,7770,8,2,1,111114687,102,True
6557257302,1651824585,7770,8,2,1,206642367,8,False
6557257302,1651824585,7770,8,2,1,106863163,106,False
6557257302,1651824585,7770,8,2,1,94738847,60,False
6557257302,1651824585,7770,8,2,1,139876032,123,False
6557257302,1651824585,7770,8,2,1,94296097,121,False
6557255002,1651824422,3972,2,2,1,1284323241,39,True
6557255002,1651824422,3972,2,2,1,1280585455,49,True
6557255002,1651824422,3972,2,2,1,299806942,121,True
6557255002,1651824422,3972,2,2,1,1239198638,84,True
6557255002,1651824422,3972,2,2,1,1262266956,94,True
6557255002,1651824422,3972,2,2,1,1029972951,114,False
6557255002,1651824422,3972,2,2,1,1255727750,128,False
6557255002,1651824422,3972,2,2,1,1050127319,23,False
6557255002,1651824422,3972,2,2,1,318051460,3,False
6557255002,1651824422,3972,2,2,1,228392819,97,False
6557206701,1651821040,4210,3,2,1,1113841513,20,False
6557206701,1651821040,4210,3,2,1,151719715,120,False
6557206701,1651821040,4210,3,2,1,358831217,128,False
6557206701,1651821040,4210,3,2,1,122459461,11,False
6557206701,1651821040,4210,3,2,1,392277500,6,False
6557206701,1651821040,4210,3,2,1,1085302162,86,True
6557206701,1651821040,4210,3,2,1,1074387886,19,True
6557206701,1651821040,4210,3,2,1,966354824,98,True
6557206701,1651821040,4210,3,2,1,351961716,126,True
6557206701,1651821040,4210,3,2,1,1221364385,121,True
6557154910,1651816838,6078,6,2,1,153727297,59,False
6557154910,1651816838,6078,6,2,1,118559150,83,False
6557154910,1651816838,6078,6,2,1,292829433,98,False
6557154910,1651816838,6078,6,2,1,237201026,17,False
6557154910,1651816838,6078,6,2,1,343084576,90,False
6557154910,1651816838,6078,6,2,1,88553213,102,True
6557154910,1651816838,6078,6,2,1,353424606,46,True
6557154910,1651816838,6078,6,2,1,162641196,36,True
6557154910,1651816838,6078,6,2,1,219755398,27,True
6557154910,1651816838,6078,6,2,1,212560917,52,True
6557154910,1651816838,6078,6,2,1,153727297,59,False
6557076912,1651809912,3248,1,2,1,301477244,102,True
6557076912,1651809912,3248,1,2,1,1103355581,36,True
6557076912,1651809912,3248,1,2,1,1045494300,17,True
6557076912,1651809912,3248,1,2,1,181339278,10,True
6557076912,1651809912,3248,1,2,1,80599925,88,True
6557076912,1651809912,3248,1,2,1,230308002,90,False
6557076912,1651809912,3248,1,2,1,1173255449,35,False
6557076912,1651809912,3248,1,2,1,1133046148,126,False
6557076912,1651809912,3248,1,2,1,76082922,100,False
6557076912,1651809912,3248,1,2,1,1194935883,19,False
6556631201,1651773673,6328,6,2,1,57578110,90,True
6556631201,1651773673,6328,6,2,1,72393079,17,True
6556631201,1651773673,6328,6,2,1,368917218,46,True
6556631201,1651773673,6328,6,2,1,90324740,69,True
6556631201,1651773673,6328,6,2,1,404150207,123,True
6556631201,1651773673,6328,6,2,1,295877832,42,False
6556631201,1651773673,6328,6,2,1,89604875,121,False
6556631201,1651773673,6328,6,2,1,231581709,101,False
6556631201,1651773673,6328,6,2,1,93526520,129,False
6556631201,1651773673,6328,6,2,1,353881304,74,False
6556345500,1651761588,6231,4,2,1,458287006,53,False
6556345500,1651761588,6231,4,2,1,377594124,39,False
6556345500,1651761588,6231,4,2,1,274078636,83,False
6556345500,1651761588,6231,4,2,1,209287073,128,False
6556345500,1651761588,6231,4,2,1,451317002,49,False
6556345500,1651761588,6231,4,2,1,88553213,88,True
6556345500,1651761588,6231,4,2,1,353424606,46,True
6556345500,1651761588,6231,4,2,1,162641196,43,True
6556345500,1651761588,6231,4,2,1,219755398,45,True
6556345500,1651761588,6231,4,2,1,212560917,17,True
6556631201,1651773673,6328,6,2,1,57578110,90,True
6556345500,1651761588,6231,4,2,1,458287006,53,False
6556314609,1651760758,6101,9,2,1,35504297,120,False
6556314609,1651760758,6101,9,2,1,31388939,114,False
6556314609,1651760758,6101,9,2,1,86832913,128,False
6556314609,1651760758,6101,9,2,1,118305301,25,False
6556314609,1651760758,6101,9,2,1,1034993673,47,False
6556314609,1651760758,6101,9,2,1,176664587,33,True
6556314609,1651760758,6101,9,2,1,106783671,42,True
6556314609,1651760758,6101,9,2,1,140297552,86,True
6556314609,1651760758,6101,9,2,1,282248784,16,True
6556314609,1651760758,6101,9,2,1,181195624,3,True
6556146609,1651754914,3779,3,2,1,1210331127,12,True
6556146609,1651754914,3779,3,2,1,339941742,3,True
6556146609,1651754914,3779,3,2,1,1158036449,50,True
6556146609,1651754914,3779,3,2,1,228392819,13,True
6556146609,1651754914,3779,3,2,1,1293381675,129,True
6556146609,1651754914,3779,3,2,1,483850689,53,False
6556146609,1651754914,3779,3,2,1,1096978451,69,False
6556146609,1651754914,3779,3,2,1,1269850527,106,False
6556146609,1651754914,3779,3,2,1,131271150,86,False
6556146609,1651754914,3779,3,2,1,366332869,85,False
6556314609,1651760758,6101,9,2,1,35504297,120,False
6556146609,1651754914,3779,3,2,1,1210331127,12,True
6556109211,1651753211,5771,9,2,1,162126721,1,False
6556109211,1651753211,5771,9,2,1,248388120,106,False
6556109211,1651753211,5771,9,2,1,190738832,101,False
6556109211,1651753211,5771,9,2,1,385295772,123,False
6556109211,1651753211,5771,9,2,1,155447692,120,False
6556109211,1651753211,5771,9,2,1,127077041,84,True
6556109211,1651753211,5771,9,2,1,104512126,25,True
6556109211,1651753211,5771,9,2,1,355168766,41,True
6556109211,1651753211,5771,9,2,1,345803031,121,True
6556109211,1651753211,5771,9,2,1,113152484,16,True
6556064701,1651751222,3478,1,2,1,1251984026,20,False
6556064701,1651751222,3478,1,2,1,877800554,120,False
6556064701,1651751222,3478,1,2,1,1314388110,45,False
6556064701,1651751222,3478,1,2,1,1264871757,25,False
6556064701,1651751222,3478,1,2,1,1239198638,101,False
6556064701,1651751222,3478,1,2,1,1202292236,23,True
6556064701,1651751222,3478,1,2,1,225617497,123,True
6556064701,1651751222,3478,1,2,1,1284611820,93,True
6556064701,1651751222,3478,1,2,1,211311271,3,True
6556064701,1651751222,3478,1,2,1,348236339,38,True
6556013608,1651748728,2072,1,2,1,202984325,100,False
6556013608,1651748728,2072,1,2,1,992327405,72,False
6556013608,1651748728,2072,1,2,1,1170923497,1,False
6556013608,1651748728,2072,1,2,1,1232094007,39,False
6556013608,1651748728,2072,1,2,1,162724090,58,False
6556013608,1651748728,2072,1,2,1,1194935883,26,True
6556013608,1651748728,2072,1,2,1,1173255449,91,True
6556013608,1651748728,2072,1,2,1,76082922,16,True
6556013608,1651748728,2072,1,2,1,1133046148,53,True
6556013608,1651748728,2072,1,2,1,230308002,84,True
6555808700,1651735444,None,None,2,1,928499811,88,False
6555808700,1651735444,None,None,2,1,1185918470,95,False
6555808700,1651735444,None,None,2,1,1227183303,68,False
6555808700,1651735444,None,None,2,1,1228355759,58,False
6555808700,1651735444,None,None,2,1,1200963940,25,False
6555808700,1651735444,None,None,2,1,1220632105,60,True
6555808700,1651735444,None,None,2,1,1122407405,26,True
6555808700,1651735444,None,None,2,1,1216609165,30,True
6555808700,1651735444,None,None,2,1,1119908658,120,True
6555808700,1651735444,None,None,2,1,1083977859,42,True
6555733315,1651729005,6672,9,2,1,240727522,123,False
6555733315,1651729005,6672,9,2,1,237578577,49,False
6555733315,1651729005,6672,9,2,1,165839292,33,False
6555733315,1651729005,6672,9,2,1,302429528,79,False
6555733315,1651729005,6672,9,2,1,236322966,56,False
6555733315,1651729005,6672,9,2,1,173480523,91,True
6555733315,1651729005,6672,9,2,1,331999484,72,True
6555733315,1651729005,6672,9,2,1,128367019,112,True
6555733315,1651729005,6672,9,2,1,343797829,120,True
6555733315,1651729005,6672,9,2,1,122255316,106,True
6555376213,1651694263,6387,8,2,1,1171243748,19,False
6555376213,1651694263,6387,8,2,1,180775030,106,False
6555376213,1651694263,6387,8,2,1,352623024,108,False
6555376213,1651694263,6387,8,2,1,248180032,88,False
6555376213,1651694263,6387,8,2,1,99796146,90,False
6555376213,1651694263,6387,8,2,1,84429681,60,True
6555376213,1651694263,6387,8,2,1,126238768,17,True
6555376213,1651694263,6387,8,2,1,110448679,45,True
6555376213,1651694263,6387,8,2,1,50828662,123,True
6555376213,1651694263,6387,8,2,1,86822085,53,True
6555329207,1651690921,5476,7,2,1,41637292,36,True
6555329207,1651690921,5476,7,2,1,185512564,121,True
6555329207,1651690921,5476,7,2,1,236858633,90,True
6555329207,1651690921,5476,7,2,1,92706637,16,True
6555329207,1651690921,5476,7,2,1,96189126,81,True
6555329207,1651690921,5476,7,2,1,1035128290,74,False
6555329207,1651690921,5476,7,2,1,114585639,129,False
6555329207,1651690921,5476,7,2,1,361688848,23,False
6555329207,1651690921,5476,7,2,1,169405715,123,False
6555329207,1651690921,5476,7,2,1,98961223,3,False
6555376213,1651694263,6387,8,2,1,1171243748,19,False
6555329207,1651690921,5476,7,2,1,41637292,36,True
6555327011,1651690807,7358,7,2,1,105248644,94,False
6555327011,1651690807,7358,7,2,1,34505203,28,False
6555327011,1651690807,7358,7,2,1,82262664,3,False
6555327011,1651690807,7358,7,2,1,101356886,79,False
6555327011,1651690807,7358,7,2,1,87197791,16,False
6555327011,1651690807,7358,7,2,1,91730177,58,True
6555327011,1651690807,7358,7,2,1,116934015,15,True
6555327011,1651690807,7358,7,2,1,190826739,19,True
6555327011,1651690807,7358,7,2,1,97590558,1,True
6555327011,1651690807,7358,7,2,1,16497807,45,True
6555237403,1651686870,8053,9,2,1,54580962,90,False
6555237403,1651686870,8053,9,2,1,73562326,98,False
6555237403,1651686870,8053,9,2,1,152962063,17,False
6555237403,1651686870,8053,9,2,1,77490514,27,False
6555237403,1651686870,8053,9,2,1,72312627,23,False
6555237403,1651686870,8053,9,2,1,10366616,91,True
6555237403,1651686870,8053,9,2,1,100058342,81,True
6555237403,1651686870,8053,9,2,1,94786276,19,True
6555237403,1651686870,8053,9,2,1,86698277,120,True
6555237403,1651686870,8053,9,2,1,103735745,121,True
6555327011,1651690807,7358,7,2,1,105248644,94,False
6555237403,1651686870,8053,9,2,1,54580962,90,False
6555060603,1651678978,4252,1,2,1,1158036449,64,False
6555060603,1651678978,4252,1,2,1,348236339,59,False
6555060603,1651678978,4252,1,2,1,1284323241,16,False
6555060603,1651678978,4252,1,2,1,299806942,123,False
6555060603,1651678978,4252,1,2,1,1262266956,45,False
6555060603,1651678978,4252,1,2,1,1293381675,121,True
6555060603,1651678978,4252,1,2,1,1247303812,3,True
6555060603,1651678978,4252,1,2,1,1247302157,81,True
6555060603,1651678978,4252,1,2,1,1248664606,4,True
6555060603,1651678978,4252,1,2,1,1304613566,39,True
6555043414,1651678296,5738,8,2,1,106783671,94,False
6555043414,1651678296,5738,8,2,1,140297552,13,False
6555043414,1651678296,5738,8,2,1,282248784,49,False
6555043414,1651678296,5738,8,2,1,181195624,121,False
6555043414,1651678296,5738,8,2,1,176664587,83,False
6555043414,1651678296,5738,8,2,1,103910993,1,True
6555043414,1651678296,5738,8,2,1,108101769,106,True
6555043414,1651678296,5738,8,2,1,309224793,84,True
6555043414,1651678296,5738,8,2,1,106810939,123,True
6555043414,1651678296,5738,8,2,1,86723143,108,True
6554987317,1651676461,7025,9,2,1,99155835,109,False
6554987317,1651676461,7025,9,2,1,1110152099,74,False
6554987317,1651676461,7025,9,2,1,148180390,49,False
6554987317,1651676461,7025,9,2,1,126702445,101,False
6554987317,1651676461,7025,9,2,1,346392468,3,False
6554987317,1651676461,7025,9,2,1,93817671,91,True
6554987317,1651676461,7025,9,2,1,168126336,98,True
6554987317,1651676461,7025,9,2,1,192981126,17,True
6554987317,1651676461,7025,9,2,1,114596500,58,True
6554987317,1651676461,7025,9,2,1,96183976,23,True
6554948809,1651674914,4431,4,2,1,1247303812,91,False
6554948809,1651674914,4431,4,2,1,1248664606,72,False
6554948809,1651674914,4431,4,2,1,1247302157,1,False
6554948809,1651674914,4431,4,2,1,1248142838,101,False
6554948809,1651674914,4431,4,2,1,1304613566,46,False
6554948809,1651674914,4431,4,2,1,339941742,111,True
6554948809,1651674914,4431,4,2,1,130433320,52,True
6554948809,1651674914,4431,4,2,1,113923026,51,True
6554948809,1651674914,4431,4,2,1,197469851,12,True
6554948809,1651674914,4431,4,2,1,1281314848,43,True
6554688508,1651665605,6779,8,2,1,178692606,3,True
6554688508,1651665605,6779,8,2,1,230098600,89,True
6554688508,1651665605,6779,8,2,1,137855976,49,True
6554688508,1651665605,6779,8,2,1,113112046,90,True
6554688508,1651665605,6779,8,2,1,82305765,123,True
6554688508,1651665605,6779,8,2,1,57578110,87,False
6554688508,1651665605,6779,8,2,1,72393079,65,False
6554688508,1651665605,6779,8,2,1,368917218,81,False
6554688508,1651665605,6779,8,2,1,90324740,28,False
6554688508,1651665605,6779,8,2,1,107023378,91,False
6554606107,1651661721,7631,8,2,1,101460882,27,False
6554606107,1651661721,7631,8,2,1,118233883,13,False
6554606107,1651661721,7631,8,2,1,181716137,19,False
6554606107,1651661721,7631,8,2,1,152859296,90,False
6554606107,1651661721,7631,8,2,1,91369376,120,False
6554606107,1651661721,7631,8,2,1,156328257,16,True
6554606107,1651661721,7631,8,2,1,155494381,9,True
6554606107,1651661721,7631,8,2,1,324277900,17,True
6554606107,1651661721,7631,8,2,1,100594231,102,True
6554606107,1651661721,7631,8,2,1,392565237,46,True
6554608105,1651661718,7156,10,2,1,315272623,39,False
6554608105,1651661718,7156,10,2,1,147767183,16,False
6554608105,1651661718,7156,10,2,1,320252024,6,False
6554608105,1651661718,7156,10,2,1,150961567,121,False
6554608105,1651661718,7156,10,2,1,249835593,51,False
6554608105,1651661718,7156,10,2,1,206642367,1,True
6554608105,1651661718,7156,10,2,1,106863163,17,True
6554608105,1651661718,7156,10,2,1,139876032,27,True
6554608105,1651661718,7156,10,2,1,94738847,100,True
6554608105,1651661718,7156,10,2,1,94296097,3,True
6554556303,1651658633,4431,4,2,1,113923026,9,False
6554556303,1651658633,4431,4,2,1,130433320,43,False
6554556303,1651658633,4431,4,2,1,1050127319,57,False
6554556303,1651658633,4431,4,2,1,197469851,114,False
6554556303,1651658633,4431,4,2,1,1281314848,49,False
6554556303,1651658633,4431,4,2,1,1210331127,81,True
6554556303,1651658633,4431,4,2,1,1158036449,27,True
6554556303,1651658633,4431,4,2,1,1304613566,39,True
6554556303,1651658633,4431,4,2,1,339941742,3,True
6554556303,1651658633,4431,4,2,1,1293381675,47,True
6554295214,1651644361,None,None,2,1,1220632105,100,False
6554295214,1651644361,None,None,2,1,1122407405,90,False
6554295214,1651644361,None,None,2,1,1216609165,121,False
6554295214,1651644361,None,None,2,1,1119908658,9,False
6554295214,1651644361,None,None,2,1,1083977859,44,False
6554295214,1651644361,None,None,2,1,1005626260,88,True
6554295214,1651644361,None,None,2,1,913081877,19,True
6554295214,1651644361,None,None,2,1,948659765,84,True
6554295214,1651644361,None,None,2,1,241467447,11,True
6554295214,1651644361,None,None,2,1,1144771878,120,True
6553982605,1651616243,6403,7,2,1,110583422,129,False
6553982605,1651616243,6403,7,2,1,81475303,94,False
6553982605,1651616243,6403,7,2,1,412758827,17,False
6553982605,1651616243,6403,7,2,1,138880576,108,False
6553982605,1651616243,6403,7,2,1,153125655,27,False
6553982605,1651616243,6403,7,2,1,125995177,84,True
6553982605,1651616243,6403,7,2,1,131303632,74,True
6553982605,1651616243,6403,7,2,1,1031547092,123,True
6553982605,1651616243,6403,7,2,1,138177198,49,True
6553982605,1651616243,6403,7,2,1,177203952,12,True
6553654205,1651597827,None,None,2,1,1202292236,43,False
6553654205,1651597827,None,None,2,1,1050127319,112,False
6553654205,1651597827,None,None,2,1,1238656049,44,False
6553654205,1651597827,None,None,2,1,339526674,129,False
6553654205,1651597827,None,None,2,1,1262266956,100,False
6553654205,1651597827,None,None,2,1,1247303812,91,True
6553654205,1651597827,None,None,2,1,1247302157,71,True
6553654205,1651597827,None,None,2,1,1248142838,79,True
6553654205,1651597827,None,None,2,1,1304613566,52,True
6553654205,1651597827,None,None,2,1,1248664606,72,True
6553308401,1651586296,6715,7,2,1,70917469,64,False
6553308401,1651586296,6715,7,2,1,879017980,81,False
6553308401,1651586296,6715,7,2,1,898455820,59,False
6553308401,1651586296,6715,7,2,1,321554723,119,False
6553308401,1651586296,6715,7,2,1,228516683,129,False
6553308401,1651586296,6715,7,2,1,168126336,49,True
6553308401,1651586296,6715,7,2,1,114596500,123,True
6553308401,1651586296,6715,7,2,1,192981126,47,True
6553308401,1651586296,6715,7,2,1,96183976,23,True
6553308401,1651586296,6715,7,2,1,93817671,3,True
6553982605,1651616243,6403,7,2,1,110583422,129,False
6553654205,1651597827,None,None,2,1,1202292236,43,False
6553308401,1651586296,6715,7,2,1,70917469,64,False
6553019111,1651575873,None,None,2,1,56981677,1,True
6553019111,1651575873,None,None,2,1,1190298611,85,True
6553019111,1651575873,None,None,2,1,1252616081,107,True
6553019111,1651575873,None,None,2,1,1049956230,121,True
6553019111,1651575873,None,None,2,1,1247011173,53,True
6553019111,1651575873,None,None,2,1,1119908658,39,False
6553019111,1651575873,None,None,2,1,1083977859,8,False
6553019111,1651575873,None,None,2,1,1122407405,99,False
6553019111,1651575873,None,None,2,1,1220632105,64,False
6553019111,1651575873,None,None,2,1,1216609165,84,False
6553019111,1651575873,None,None,2,1,56981677,1,True
6552937101,1651571950,6072,7,2,1,153727297,19,True
6552937101,1651571950,6072,7,2,1,237201026,16,True
6552937101,1651571950,6072,7,2,1,292829433,53,True
6552937101,1651571950,6072,7,2,1,343084576,83,True
6552937101,1651571950,6072,7,2,1,118559150,121,True
6552937101,1651571950,6072,7,2,1,127077041,26,False
6552937101,1651571950,6072,7,2,1,104512126,46,False
6552937101,1651571950,6072,7,2,1,113152484,108,False
6552937101,1651571950,6072,7,2,1,345803031,120,False
6552937101,1651571950,6072,7,2,1,355168766,54,False
6552937101,1651571950,6072,7,2,1,153727297,19,True
6552747400,1651562984,4355,4,2,1,867145984,88,False
6552747400,1651562984,4355,4,2,1,369576335,1,False
6552747400,1651562984,4355,4,2,1,409855587,81,False
6552747400,1651562984,4355,4,2,1,247065012,27,False
6552747400,1651562984,4355,4,2,1,314566105,120,False
6552747400,1651562984,4355,4,2,1,1113841513,4,True
6552747400,1651562984,4355,4,2,1,151719715,16,True
6552747400,1651562984,4355,4,2,1,392277500,94,True
6552747400,1651562984,4355,4,2,1,358831217,119,True
6552747400,1651562984,4355,4,2,1,122459461,86,True
6552747400,1651562984,4355,4,2,1,867145984,88,False
6552707711,1651560844,3248,1,2,1,1005626260,39,False
6552707711,1651560844,3248,1,2,1,913081877,54,False
6552707711,1651560844,3248,1,2,1,948659765,121,False
6552707711,1651560844,3248,1,2,1,1144771878,100,False
6552707711,1651560844,3248,1,2,1,241467447,35,False
6552707711,1651560844,3248,1,2,1,80599925,64,True
6552707711,1651560844,3248,1,2,1,1045494300,74,True
6552707711,1651560844,3248,1,2,1,301477244,91,True
6552707711,1651560844,3248,1,2,1,181339278,19,True
6552707711,1651560844,3248,1,2,1,1103355581,2,True
6552707711,1651560844,3248,1,2,1,1005626260,39,False
6552600009,1651553831,4968,6,2,1,151719715,129,True
6552600009,1651553831,4968,6,2,1,122459461,52,True
6552600009,1651553831,4968,6,2,1,1113841513,91,True
6552600009,1651553831,4968,6,2,1,358831217,86,True
6552600009,1651553831,4968,6,2,1,392277500,70,True
6552600009,1651553831,4968,6,2,1,153727297,56,False
6552600009,1651553831,4968,6,2,1,118559150,102,False
6552600009,1651553831,4968,6,2,1,292829433,16,False
6552600009,1651553831,4968,6,2,1,343084576,90,False
6552600009,1651553831,4968,6,2,1,237201026,120,False
6552370704,1651533521,6017,7,2,1,186837494,68,True
6552370704,1651533521,6017,7,2,1,249986681,17,True
6552370704,1651533521,6017,7,2,1,101779337,86,True
6552370704,1651533521,6017,7,2,1,878212255,81,True
6552370704,1651533521,6017,7,2,1,185202677,94,True
6552370704,1651533521,6017,7,2,1,399920568,19,False
6552370704,1651533521,6017,7,2,1,28070572,43,False
6552370704,1651533521,6017,7,2,1,392385140,9,False
6552370704,1651533521,6017,7,2,1,100758751,45,False
6552370704,1651533521,6017,7,2,1,191290281,70,False
6552370704,1651533521,6017,7,2,1,186837494,68,True
6552336408,1651530165,5759,7,2,1,104275965,90,False
6552336408,1651530165,5759,7,2,1,89354043,58,False
6552336408,1651530165,5759,7,2,1,175709801,19,False
6552336408,1651530165,5759,7,2,1,89558517,129,False
6552336408,1651530165,5759,7,2,1,329977411,17,False
6552336408,1651530165,5759,7,2,1,125995177,45,True
6552336408,1651530165,5759,7,2,1,131303632,13,True
6552336408,1651530165,5759,7,2,1,138177198,49,True
6552336408,1651530165,5759,7,2,1,177203952,18,True
6552336408,1651530165,5759,7,2,1,1031547092,123,True
6552282704,1651526147,6255,5,2,1,155807130,120,True
6552282704,1651526147,6255,5,2,1,170128072,94,True
6552282704,1651526147,6255,5,2,1,224139510,90,True
6552282704,1651526147,6255,5,2,1,161072811,17,True
6552282704,1651526147,6255,5,2,1,100708765,3,True
6552282704,1651526147,6255,5,2,1,303673743,46,False
6552282704,1651526147,6255,5,2,1,193490297,129,False
6552282704,1651526147,6255,5,2,1,329076390,45,False
6552282704,1651526147,6255,5,2,1,175104556,106,False
6552282704,1651526147,6255,5,2,1,358736307,9,False
6552155603,1651519189,4686,8,2,1,136812808,25,False
6552155603,1651519189,4686,8,2,1,193230284,120,False
6552155603,1651519189,4686,8,2,1,268546384,101,False
6552155603,1651519189,4686,8,2,1,267693296,81,False
6552155603,1651519189,4686,8,2,1,191698197,135,False
6552155603,1651519189,4686,8,2,1,361688848,94,True
6552155603,1651519189,4686,8,2,1,114585639,49,True
6552155603,1651519189,4686,8,2,1,1035128290,17,True
6552155603,1651519189,4686,8,2,1,169405715,107,True
6552155603,1651519189,4686,8,2,1,98961223,45,True
6552336408,1651530165,5759,7,2,1,104275965,90,False
6552282704,1651526147,6255,5,2,1,155807130,120,True
6552155603,1651519189,4686,8,2,1,136812808,25,False
6552144416,1651518663,7328,9,2,1,94049589,3,True
6552144416,1651518663,7328,9,2,1,858106446,52,True
6552144416,1651518663,7328,9,2,1,165564598,98,True
6552144416,1651518663,7328,9,2,1,159020918,9,True
6552144416,1651518663,7328,9,2,1,132851371,44,True
6552144416,1651518663,7328,9,2,1,91460772,87,False
6552144416,1651518663,7328,9,2,1,196482746,43,False
6552144416,1651518663,7328,9,2,1,90423751,58,False
6552144416,1651518663,7328,9,2,1,165390194,70,False
6552144416,1651518663,7328,9,2,1,363871826,129,False
6552082708,1651515827,6240,9,2,1,136812808,120,True
6552082708,1651515827,6240,9,2,1,191698197,43,True
6552082708,1651515827,6240,9,2,1,193230284,129,True
6552082708,1651515827,6240,9,2,1,267693296,59,True
6552082708,1651515827,6240,9,2,1,268546384,91,True
6552082708,1651515827,6240,9,2,1,185512564,45,False
6552082708,1651515827,6240,9,2,1,92706637,74,False
6552082708,1651515827,6240,9,2,1,41637292,49,False
6552082708,1651515827,6240,9,2,1,236858633,9,False
6552082708,1651515827,6240,9,2,1,96189126,94,False
6551759911,1651503649,5997,7,2,1,115464954,7,True
6551759911,1651503649,5997,7,2,1,196490133,1,True
6551759911,1651503649,5997,7,2,1,107855479,36,True
6551759911,1651503649,5997,7,2,1,92949094,91,True
6551759911,1651503649,5997,7,2,1,27178898,47,True
6551759911,1651503649,5997,7,2,1,155370747,16,False
6551759911,1651503649,5997,7,2,1,106783671,81,False
6551759911,1651503649,5997,7,2,1,140297552,25,False
6551759911,1651503649,5997,7,2,1,116876282,58,False
6551759911,1651503649,5997,7,2,1,152168157,45,False
6551402005,1651491719,None,None,2,1,1238656049,20,True
6551402005,1651491719,None,None,2,1,1202292236,25,True
6551402005,1651491719,None,None,2,1,1266748819,120,True
6551402005,1651491719,None,None,2,1,881959275,3,True
6551402005,1651491719,None,None,2,1,1050127319,100,True
6551402005,1651491719,None,None,2,1,1247303812,121,False
6551402005,1651491719,None,None,2,1,1247302157,2,False
6551402005,1651491719,None,None,2,1,1248142838,101,False
6551402005,1651491719,None,None,2,1,1304613566,43,False
6551402005,1651491719,None,None,2,1,1248664606,19,False
6551759911,1651503649,5997,7,2,1,115464954,7,True
6551402005,1651491719,None,None,2,1,1238656049,20,True
6551221710,1651483404,3140,2,2,1,483850689,10,True
6551221710,1651483404,3140,2,2,1,1146548664,25,True
6551221710,1651483404,3140,2,2,1,1096978451,16,True
6551221710,1651483404,3140,2,2,1,131271150,101,True
6551221710,1651483404,3140,2,2,1,366332869,3,True
6551221710,1651483404,3140,2,2,1,1251984026,81,False
6551221710,1651483404,3140,2,2,1,1264871757,90,False
6551221710,1651483404,3140,2,2,1,1314388110,58,False
6551221710,1651483404,3140,2,2,1,228392819,114,False
6551221710,1651483404,3140,2,2,1,877800554,120,False
6551209113,1651483151,6168,6,2,1,323792491,45,True
6551209113,1651483151,6168,6,2,1,173378701,65,True
6551209113,1651483151,6168,6,2,1,337575662,16,True
6551209113,1651483151,6168,6,2,1,399862798,123,True
6551209113,1651483151,6168,6,2,1,389022189,19,True
6551209113,1651483151,6168,6,2,1,48594480,90,False
6551209113,1651483151,6168,6,2,1,363724571,120,False
6551209113,1651483151,6168,6,2,1,228517469,128,False
6551209113,1651483151,6168,6,2,1,108717482,106,False
6551209113,1651483151,6168,6,2,1,220154695,8,False
6551221710,1651483404,3140,2,2,1,483850689,10,True
6551209113,1651483151,6168,6,2,1,323792491,45,True
6551201009,1651482395,5778,6,2,1,196400041,64,False
6551201009,1651482395,5778,6,2,1,1078118200,19,False
6551201009,1651482395,5778,6,2,1,349513074,79,False
6551201009,1651482395,5778,6,2,1,242835570,43,False
6551201009,1651482395,5778,6,2,1,387228584,106,False
6551201009,1651482395,5778,6,2,1,353424606,94,True
6551201009,1651482395,5778,6,2,1,219755398,123,True
6551201009,1651482395,5778,6,2,1,162641196,16,True
6551201009,1651482395,5778,6,2,1,212560917,46,True
6551201009,1651482395,5778,6,2,1,88553213,45,True
6551181918,1651482021,5824,6,2,1,135384325,100,False
6551181918,1651482021,5824,6,2,1,170616850,85,False
6551181918,1651482021,5824,6,2,1,186783261,6,False
6551181918,1651482021,5824,6,2,1,170609006,92,False
6551181918,1651482021,5824,6,2,1,130552006,21,False
6551181918,1651482021,5824,6,2,1,877696078,17,True
6551181918,1651482021,5824,6,2,1,318371533,90,True
6551181918,1651482021,5824,6,2,1,318286721,123,True
6551181918,1651482021,5824,6,2,1,104504914,120,True
6551181918,1651482021,5824,6,2,1,1125296112,89,True
6550940402,1651468522,2072,1,2,1,948659765,58,False
6550940402,1651468522,2072,1,2,1,1144771878,43,False
6550940402,1651468522,2072,1,2,1,913081877,46,False
6550940402,1651468522,2072,1,2,1,241467447,25,False
6550940402,1651468522,2072,1,2,1,1005626260,51,False
6550940402,1651468522,2072,1,2,1,162724090,84,True
6550940402,1651468522,2072,1,2,1,202984325,100,True
6550940402,1651468522,2072,1,2,1,1232094007,45,True
6550940402,1651468522,2072,1,2,1,1170923497,23,True
6550940402,1651468522,2072,1,2,1,992327405,9,True
6550929704,1651467781,6031,7,2,1,99573176,121,True
6550929704,1651467781,6031,7,2,1,259479555,45,True
6550929704,1651467781,6031,7,2,1,104758571,16,True
6550929704,1651467781,6031,7,2,1,184138153,28,True
6550929704,1651467781,6031,7,2,1,285770518,94,True
6550929704,1651467781,6031,7,2,1,353424606,54,False
6550929704,1651467781,6031,7,2,1,219755398,114,False
6550929704,1651467781,6031,7,2,1,162641196,53,False
6550929704,1651467781,6031,7,2,1,212560917,120,False
6550929704,1651467781,6031,7,2,1,88553213,92,False
6550890610,1651464793,6827,2,2,1,244380568,43,True
6550890610,1651464793,6827,2,2,1,339430041,27,True
6550890610,1651464793,6827,2,2,1,276762632,54,True
6550890610,1651464793,6827,2,2,1,132572732,104,True
6550890610,1651464793,6827,2,2,1,173892244,23,True
6550890610,1651464793,6827,2,2,1,351961716,76,False
6550890610,1651464793,6827,2,2,1,1221364385,68,False
6550890610,1651464793,6827,2,2,1,966354824,16,False
6550890610,1651464793,6827,2,2,1,364747523,88,False
6550890610,1651464793,6827,2,2,1,1074387886,63,False
6550812404,1651458556,6660,7,2,1,85367644,46,False
6550812404,1651458556,6660,7,2,1,230580807,13,False
6550812404,1651458556,6660,7,2,1,219225327,38,False
6550812404,1651458556,6660,7,2,1,1071332616,58,False
6550812404,1651458556,6660,7,2,1,151643048,79,False
6550812404,1651458556,6660,7,2,1,186837494,3,True
6550812404,1651458556,6660,7,2,1,101779337,9,True
6550812404,1651458556,6660,7,2,1,249986681,106,True
6550812404,1651458556,6660,7,2,1,878212255,98,True
6550812404,1651458556,6660,7,2,1,185202677,12,True
6550812404,1651458556,6660,7,2,1,85367644,46,False
6550766917,1651454900,6660,7,2,1,186837494,58,True
6550766917,1651454900,6660,7,2,1,101779337,19,True
6550766917,1651454900,6660,7,2,1,249986681,17,True
6550766917,1651454900,6660,7,2,1,878212255,47,True
6550766917,1651454900,6660,7,2,1,185202677,94,True
6550766917,1651454900,6660,7,2,1,85367644,53,False
6550766917,1651454900,6660,7,2,1,230580807,120,False
6550766917,1651454900,6660,7,2,1,219225327,129,False
6550766917,1651454900,6660,7,2,1,1071332616,101,False
6550766917,1651454900,6660,7,2,1,151643048,3,False
6550675215,1651445608,6085,7,2,1,1171243748,46,True
6550675215,1651445608,6085,7,2,1,180775030,17,True
6550675215,1651445608,6085,7,2,1,352623024,129,True
6550675215,1651445608,6085,7,2,1,278599060,123,True
6550675215,1651445608,6085,7,2,1,99796146,31,True
6550675215,1651445608,6085,7,2,1,59752811,3,False
6550675215,1651445608,6085,7,2,1,191362875,43,False
6550675215,1651445608,6085,7,2,1,91741256,9,False
6550675215,1651445608,6085,7,2,1,412413765,81,False
6550675215,1651445608,6085,7,2,1,117311875,49,False
6550587401,1651439010,6207,9,2,1,104275965,45,False
6550587401,1651439010,6207,9,2,1,329977411,60,False
6550587401,1651439010,6207,9,2,1,175709801,94,False
6550587401,1651439010,6207,9,2,1,89558517,36,False
6550587401,1651439010,6207,9,2,1,1138108910,9,False
6550587401,1651439010,6207,9,2,1,110583422,3,True
6550587401,1651439010,6207,9,2,1,81475303,81,True
6550587401,1651439010,6207,9,2,1,138880576,61,True
6550587401,1651439010,6207,9,2,1,412758827,19,True
6550587401,1651439010,6207,9,2,1,153125655,90,True
6550587401,1651439010,6207,9,2,1,104275965,45,False
6550068904,1651417367,6692,7,2,1,111030315,27,False
6550068904,1651417367,6692,7,2,1,241519559,15,False
6550068904,1651417367,6692,7,2,1,217599053,25,False
6550068904,1651417367,6692,7,2,1,999066307,129,False
6550068904,1651417367,6692,7,2,1,386370442,102,False
6550068904,1651417367,6692,7,2,1,57578110,58,True
6550068904,1651417367,6692,7,2,1,72393079,17,True
6550068904,1651417367,6692,7,2,1,368917218,19,True
6550068904,1651417367,6692,7,2,1,90324740,2,True
6550068904,1651417367,6692,7,2,1,320219866,91,True
6550009309,1651415178,None,None,2,1,1202292236,13,True
6550009309,1651415178,None,None,2,1,1238656049,19,True
6550009309,1651415178,None,None,2,1,1050127319,58,True
6550009309,1651415178,None,None,2,1,881959275,57,True
6550009309,1651415178,None,None,2,1,1266748819,16,True
6550009309,1651415178,None,None,2,1,342337498,27,False
6550009309,1651415178,None,None,2,1,1314388110,45,False
6550009309,1651415178,None,None,2,1,1251984026,42,False
6550009309,1651415178,None,None,2,1,877800554,120,False
6550009309,1651415178,None,None,2,1,1284611820,21,False
6549976019,1651414112,2006,1,2,1,1180480779,80,False
6549976019,1651414112,2006,1,2,1,161479747,68,False
6549976019,1651414112,2006,1,2,1,910104190,110,False
6549976019,1651414112,2006,1,2,1,1314096387,95,False
6549976019,1651414112,2006,1,2,1,224396345,84,False
6549976019,1651414112,2006,1,2,1,160725934,43,True
6549976019,1651414112,2006,1,2,1,379418415,25,True
6549976019,1651414112,2006,1,2,1,1054584508,128,True
6549976019,1651414112,2006,1,2,1,207553682,16,True
6549976019,1651414112,2006,1,2,1,870666474,54,True
6550068904,1651417367,6692,7,2,1,111030315,27,False
6550009309,1651415178,None,None,2,1,1202292236,13,True
6549976019,1651414112,2006,1,2,1,1180480779,80,False
6549897101,1651411543,2588,1,2,1,1304613566,39,True
6549897101,1651411543,2588,1,2,1,1247302157,81,True
6549897101,1651411543,2588,1,2,1,1248142838,101,True
6549897101,1651411543,2588,1,2,1,1247303812,3,True
6549897101,1651411543,2588,1,2,1,1248664606,4,True
6549897101,1651411543,2588,1,2,1,483850689,12,False
6549897101,1651411543,2588,1,2,1,1146548664,128,False
6549897101,1651411543,2588,1,2,1,1096978451,129,False
6549897101,1651411543,2588,1,2,1,131271150,119,False
6549897101,1651411543,2588,1,2,1,366332869,85,False
6549897101,1651411543,2588,1,2,1,1304613566,39,True
6549858612,1651410246,2935,3,2,1,160725934,91,True
6549858612,1651410246,2935,3,2,1,1054584508,71,True
6549858612,1651410246,2935,3,2,1,870666474,19,True
6549858612,1651410246,2935,3,2,1,207553682,43,True
6549858612,1651410246,2935,3,2,1,379418415,17,True
6549858612,1651410246,2935,3,2,1,11116946,129,False
6549858612,1651410246,2935,3,2,1,146807284,41,False
6549858612,1651410246,2935,3,2,1,194820232,112,False
6549858612,1651410246,2935,3,2,1,888145220,59,False
6549858612,1651410246,2935,3,2,1,109025234,123,False
6549706315,1651404497,3189,4,2,1,483850689,53,True
6549706315,1651404497,3189,4,2,1,1146548664,52,True
6549706315,1651404497,3189,4,2,1,1096978451,104,True
6549706315,1651404497,3189,4,2,1,131271150,91,True
6549706315,1651404497,3189,4,2,1,366332869,45,True
6549706315,1651404497,3189,4,2,1,1269850527,1,False
6549706315,1651404497,3189,4,2,1,1138814784,49,False
6549706315,1651404497,3189,4,2,1,173851224,58,False
6549706315,1651404497,3189,4,2,1,250358373,128,False
6549706315,1651404497,3189,4,2,1,399588134,121,False
6549644800,1651401738,4252,1,2,1,1247303812,3,True
6549644800,1651401738,4252,1,2,1,1247302157,38,True
6549644800,1651401738,4252,1,2,1,1304613566,17,True
6549644800,1651401738,4252,1,2,1,1248142838,79,True
6549644800,1651401738,4252,1,2,1,1248664606,81,True
6549644800,1651401738,4252,1,2,1,334994097,44,False
6549644800,1651401738,4252,1,2,1,299806942,101,False
6549644800,1651401738,4252,1,2,1,1284323241,49,False
6549644800,1651401738,4252,1,2,1,1280585455,126,False
6549644800,1651401738,4252,1,2,1,1262266956,45,False
6549565107,1651397962,3189,4,2,1,173851224,27,False
6549565107,1651397962,3189,4,2,1,1138814784,60,False
6549565107,1651397962,3189,4,2,1,250358373,23,False
6549565107,1651397962,3189,4,2,1,399588134,45,False
6549565107,1651397962,3189,4,2,1,1269850527,94,False
6549565107,1651397962,3189,4,2,1,483850689,6,True
6549565107,1651397962,3189,4,2,1,1146548664,25,True
6549565107,1651397962,3189,4,2,1,1096978451,16,True
6549565107,1651397962,3189,4,2,1,131271150,86,True
6549565107,1651397962,3189,4,2,1,366332869,83,True
6549543713,1651396950,7171,9,2,1,110759067,43,False
6549543713,1651396950,7171,9,2,1,218367241,19,False
6549543713,1651396950,7171,9,2,1,145331311,120,False
6549543713,1651396950,7171,9,2,1,136737280,23,False
6549543713,1651396950,7171,9,2,1,169756712,107,False
6549543713,1651396950,7171,9,2,1,101460882,79,True
6549543713,1651396950,7171,9,2,1,118233883,114,True
6549543713,1651396950,7171,9,2,1,181716137,109,True
6549543713,1651396950,7171,9,2,1,152859296,129,True
6549543713,1651396950,7171,9,2,1,91369376,39,True
6549455400,1651392889,4986,4,2,1,1202292236,43,True
6549455400,1651392889,4986,4,2,1,1050127319,27,True
6549455400,1651392889,4986,4,2,1,1266748819,120,True
6549455400,1651392889,4986,4,2,1,1238656049,114,True
6549455400,1651392889,4986,4,2,1,881959275,64,True
6549455400,1651392889,4986,4,2,1,173906452,3,False
6549455400,1651392889,4986,4,2,1,1281314848,45,False
6549455400,1651392889,4986,4,2,1,113923026,81,False
6549455400,1651392889,4986,4,2,1,130433320,25,False
6549455400,1651392889,4986,4,2,1,174924847,20,False
6549236216,1651381552,5320,6,2,1,353424606,46,True
6549236216,1651381552,5320,6,2,1,162641196,120,True
6549236216,1651381552,5320,6,2,1,212560917,126,True
6549236216,1651381552,5320,6,2,1,219755398,86,True
6549236216,1651381552,5320,6,2,1,88553213,57,True
6549236216,1651381552,5320,6,2,1,122459461,49,False
6549236216,1651381552,5320,6,2,1,1113841513,3,False
6549236216,1651381552,5320,6,2,1,151719715,129,False
6549236216,1651381552,5320,6,2,1,358831217,9,False
6549236216,1651381552,5320,6,2,1,392277500,10,False
6549236216,1651381552,5320,6,2,1,353424606,46,True
6549222616,1651381222,5729,7,2,1,99573176,123,False
6549222616,1651381222,5729,7,2,1,259479555,27,False
6549222616,1651381222,5729,7,2,1,104758571,52,False
6549222616,1651381222,5729,7,2,1,184138153,17,False
6549222616,1651381222,5729,7,2,1,285770518,19,False
6549222616,1651381222,5729,7,2,1,153727297,44,True
6549222616,1651381222,5729,7,2,1,118559150,121,True
6549222616,1651381222,5729,7,2,1,343084576,83,True
6549222616,1651381222,5729,7,2,1,237201026,120,True
6549222616,1651381222,5729,7,2,1,292829433,98,True
6548995112,1651360733,5851,8,2,1,119315361,15,False
6548995112,1651360733,5851,8,2,1,35504297,58,False
6548995112,1651360733,5851,8,2,1,126174633,108,False
6548995112,1651360733,5851,8,2,1,133167741,19,False
6548995112,1651360733,5851,8,2,1,116525052,121,False
6548995112,1651360733,5851,8,2,1,99796146,79,True
6548995112,1651360733,5851,8,2,1,180775030,17,True
6548995112,1651360733,5851,8,2,1,352623024,16,True
6548995112,1651360733,5851,8,2,1,278599060,123,True
6548995112,1651360733,5851,8,2,1,1171243748,23,True
6548816819,1651348729,6040,6,2,1,840923714,120,False
6548816819,1651348729,6040,6,2,1,136812808,126,False
6548816819,1651348729,6040,6,2,1,268546384,88,False
6548816819,1651348729,6040,6,2,1,267693296,94,False
6548816819,1651348729,6040,6,2,1,191698197,129,False
6548816819,1651348729,6040,6,2,1,452400903,12,True
6548816819,1651348729,6040,6,2,1,493967542,101,True
6548816819,1651348729,6040,6,2,1,125941160,74,True
6548816819,1651348729,6040,6,2,1,206712876,121,True
6548816819,1651348729,6040,6,2,1,322010194,16,True
6548995112,1651360733,5851,8,2,1,119315361,15,False
6548816819,1651348729,6040,6,2,1,840923714,120,False
6548777402,1651346815,6750,9,2,1,137855976,16,False
6548777402,1651346815,6750,9,2,1,1216883747,46,False
6548777402,1651346815,6750,9,2,1,113112046,13,False
6548777402,1651346815,6750,9,2,1,178692606,45,False
6548777402,1651346815,6750,9,2,1,82305765,123,False
6548777402,1651346815,6750,9,2,1,145065875,9,True
6548777402,1651346815,6750,9,2,1,40805086,65,True
6548777402,1651346815,6750,9,2,1,155162307,8,True
6548777402,1651346815,6750,9,2,1,108958769,3,True
6548777402,1651346815,6750,9,2,1,86785083,129,True
6548732504,1651344746,7923,8,2,1,296226696,14,False
6548732504,1651344746,7923,8,2,1,1014295667,59,False
6548732504,1651344746,7923,8,2,1,172099728,81,False
6548732504,1651344746,7923,8,2,1,11550182,45,False
6548732504,1651344746,7923,8,2,1,162959893,58,False
6548732504,1651344746,7923,8,2,1,10366616,3,True
6548732504,1651344746,7923,8,2,1,100058342,19,True
6548732504,1651344746,7923,8,2,1,94786276,128,True
6548732504,1651344746,7923,8,2,1,86698277,92,True
6548732504,1651344746,7923,8,2,1,103735745,120,True
6548777402,1651346815,6750,9,2,1,137855976,16,False
6548732504,1651344746,7923,8,2,1,296226696,14,False
6548617508,1651339801,6590,6,2,1,1086211656,42,False
6548617508,1651339801,6590,6,2,1,89604875,58,False
6548617508,1651339801,6590,6,2,1,231581709,9,False
6548617508,1651339801,6590,6,2,1,93526520,49,False
6548617508,1651339801,6590,6,2,1,353881304,13,False
6548617508,1651339801,6590,6,2,1,91730177,121,True
6548617508,1651339801,6590,6,2,1,116934015,19,True
6548617508,1651339801,6590,6,2,1,97590558,98,True
6548617508,1651339801,6590,6,2,1,190826739,129,True
6548617508,1651339801,6590,6,2,1,16497807,3,True
6548564013,1651337641,5981,6,2,1,57578110,90,True
6548564013,1651337641,5981,6,2,1,72393079,106,True
6548564013,1651337641,5981,6,2,1,368917218,8,True
6548564013,1651337641,5981,6,2,1,404150207,101,True
6548564013,1651337641,5981,6,2,1,90324740,2,True
6548564013,1651337641,5981,6,2,1,154909995,102,False
6548564013,1651337641,5981,6,2,1,178461387,80,False
6548564013,1651337641,5981,6,2,1,240277999,59,False
6548564013,1651337641,5981,6,2,1,44066089,78,False
6548564013,1651337641,5981,6,2,1,131997542,107,False
6548499009,1651335175,6231,5,2,1,70917469,64,False
6548499009,1651335175,6231,5,2,1,879017980,94,False
6548499009,1651335175,6231,5,2,1,898455820,126,False
6548499009,1651335175,6231,5,2,1,321554723,119,False
6548499009,1651335175,6231,5,2,1,228516683,120,False
6548499009,1651335175,6231,5,2,1,935495351,79,True
6548499009,1651335175,6231,5,2,1,317814449,4,True
6548499009,1651335175,6231,5,2,1,424661031,25,True
6548499009,1651335175,6231,5,2,1,41843638,38,True
6548499009,1651335175,6231,5,2,1,327786937,58,True
6548490003,1651334850,6403,9,2,1,334481624,86,False
6548490003,1651334850,6403,9,2,1,70388657,43,False
6548490003,1651334850,6403,9,2,1,125445069,109,False
6548490003,1651334850,6403,9,2,1,836056780,29,False
6548490003,1651334850,6403,9,2,1,104185879,102,False
6548490003,1651334850,6403,9,2,1,96183976,35,True
6548490003,1651334850,6403,9,2,1,114596500,101,True
6548490003,1651334850,6403,9,2,1,192981126,74,True
6548490003,1651334850,6403,9,2,1,165432797,3,True
6548490003,1651334850,6403,9,2,1,168126336,49,True
6548487613,1651334765,6126,7,2,1,326327879,64,True
6548487613,1651334765,6126,7,2,1,294135421,17,True
6548487613,1651334765,6126,7,2,1,190996591,98,True
6548487613,1651334765,6126,7,2,1,143833742,3,True
6548487613,1651334765,6126,7,2,1,153243973,19,True
6548487613,1651334765,6126,7,2,1,198851570,58,False
6548487613,1651334765,6126,7,2,1,165110440,70,False
6548487613,1651334765,6126,7,2,1,91663166,39,False
6548487613,1651334765,6126,7,2,1,202392172,49,False
6548487613,1651334765,6126,7,2,1,374389526,9,False
6548131703,1651322672,7729,6,2,1,877696078,19,False
6548131703,1651322672,7729,6,2,1,318371533,107,False
6548131703,1651322672,7729,6,2,1,318286721,45,False
6548131703,1651322672,7729,6,2,1,104504914,128,False
6548131703,1651322672,7729,6,2,1,1125296112,10,False
6548131703,1651322672,7729,6,2,1,101460882,3,True
6548131703,1651322672,7729,6,2,1,118233883,114,True
6548131703,1651322672,7729,6,2,1,181716137,109,True
6548131703,1651322672,7729,6,2,1,152859296,123,True
6548131703,1651322672,7729,6,2,1,91369376,49,True
6548068915,1651320306,7629,9,2,1,118233883,82,True
6548068915,1651320306,7629,9,2,1,101460882,88,True
6548068915,1651320306,7629,9,2,1,181716137,42,True
6548068915,1651320306,7629,9,2,1,152859296,90,True
6548068915,1651320306,7629,9,2,1,91369376,49,True
6548068915,1651320306,7629,9,2,1,128367019,62,False
6548068915,1651320306,7629,9,2,1,331999484,81,False
6548068915,1651320306,7629,9,2,1,122255316,106,False
6548068915,1651320306,7629,9,2,1,343797829,45,False
6548068915,1651320306,7629,9,2,1,173480523,102,False
6548022300,1651318345,6057,7,2,1,293904640,121,True
6548022300,1651318345,6057,7,2,1,931145002,90,True
6548022300,1651318345,6057,7,2,1,322925642,106,True
6548022300,1651318345,6057,7,2,1,126842529,81,True
6548022300,1651318345,6057,7,2,1,146076829,70,True
6548022300,1651318345,6057,7,2,1,127077041,102,False
6548022300,1651318345,6057,7,2,1,150862738,52,False
6548022300,1651318345,6057,7,2,1,113152484,129,False
6548022300,1651318345,6057,7,2,1,345803031,63,False
6548022300,1651318345,6057,7,2,1,355168766,53,False
6547998805,1651317308,4551,2,2,1,1238656049,79,True
6547998805,1651317308,4551,2,2,1,1239198638,80,True
6547998805,1651317308,4551,2,2,1,1266748819,107,True
6547998805,1651317308,4551,2,2,1,1050127319,58,True
6547998805,1651317308,4551,2,2,1,250358373,37,True
6547998805,1651317308,4551,2,2,1,483850689,70,False
6547998805,1651317308,4551,2,2,1,841038959,94,False
6547998805,1651317308,4551,2,2,1,221951205,14,False
6547998805,1651317308,4551,2,2,1,131271150,95,False
6547998805,1651317308,4551,2,2,1,339941742,46,False
6547763906,1651305970,None,None,2,1,1238656049,19,True
6547763906,1651305970,None,None,2,1,1266748819,45,True
6547763906,1651305970,None,None,2,1,1239198638,16,True
6547763906,1651305970,None,None,2,1,881959275,121,True
6547763906,1651305970,None,None,2,1,1050127319,13,True
6547763906,1651305970,None,None,2,1,1293381675,129,False
6547763906,1651305970,None,None,2,1,1158036449,27,False
6547763906,1651305970,None,None,2,1,1210331127,114,False
6547763906,1651305970,None,None,2,1,1274251793,64,False
6547763906,1651305970,None,None,2,1,1274300313,36,False
6547701110,1651302740,None,None,2,1,1274300313,13,True
6547701110,1651302740,None,None,2,1,1274251793,102,True
6547701110,1651302740,None,None,2,1,1210331127,19,True
6547701110,1651302740,None,None,2,1,1158036449,43,True
6547701110,1651302740,None,None,2,1,1293381675,120,True
6547701110,1651302740,None,None,2,1,1238656049,54,False
6547701110,1651302740,None,None,2,1,881959275,3,False
6547701110,1651302740,None,None,2,1,1266748819,129,False
6547701110,1651302740,None,None,2,1,1050127319,106,False
6547701110,1651302740,None,None,2,1,1239198638,9,False
6547379619,1651279139,5347,6,2,1,1171243748,109,False
6547379619,1651279139,5347,6,2,1,180775030,23,False
6547379619,1651279139,5347,6,2,1,352623024,98,False
6547379619,1651279139,5347,6,2,1,278599060,21,False
6547379619,1651279139,5347,6,2,1,99796146,79,False
6547379619,1651279139,5347,6,2,1,202464276,46,True
6547379619,1651279139,5347,6,2,1,1131665504,19,True
6547379619,1651279139,5347,6,2,1,194521913,49,True
6547379619,1651279139,5347,6,2,1,493967542,101,True
6547379619,1651279139,5347,6,2,1,207916561,58,True
6547175503,1651262773,3990,3,2,1,1269850527,47,False
6547175503,1651262773,3990,3,2,1,1138814784,81,False
6547175503,1651262773,3990,3,2,1,399588134,63,False
6547175503,1651262773,3990,3,2,1,299806942,101,False
6547175503,1651262773,3990,3,2,1,250358373,23,False
6547175503,1651262773,3990,3,2,1,1264871757,52,True
6547175503,1651262773,3990,3,2,1,1266748819,49,True
6547175503,1651262773,3990,3,2,1,1050127319,90,True
6547175503,1651262773,3990,3,2,1,1239198638,84,True
6547175503,1651262773,3990,3,2,1,483850689,46,True
6547379619,1651279139,5347,6,2,1,1171243748,109,False
6547175503,1651262773,3990,3,2,1,1269850527,47,False
6547154603,1651261732,None,None,2,1,1247303812,85,True
6547154603,1651261732,None,None,2,1,1247302157,129,True
6547154603,1651261732,None,None,2,1,1248142838,58,True
6547154603,1651261732,None,None,2,1,1304613566,25,True
6547154603,1651261732,None,None,2,1,1248664606,35,True
6547154603,1651261732,None,None,2,1,1210331127,67,False
6547154603,1651261732,None,None,2,1,1274251793,14,False
6547154603,1651261732,None,None,2,1,1158036449,27,False
6547154603,1651261732,None,None,2,1,1293381675,43,False
6547154603,1651261732,None,None,2,1,1274300313,13,False
6547126103,1651260564,6861,9,2,1,73401082,58,False
6547126103,1651260564,6861,9,2,1,127530803,19,False
6547126103,1651260564,6861,9,2,1,150748346,15,False
6547126103,1651260564,6861,9,2,1,203351055,129,False
6547126103,1651260564,6861,9,2,1,197547532,121,False
6547126103,1651260564,6861,9,2,1,94049589,64,True
6547126103,1651260564,6861,9,2,1,858106446,21,True
6547126103,1651260564,6861,9,2,1,165564598,16,True
6547126103,1651260564,6861,9,2,1,159020918,101,True
6547126103,1651260564,6861,9,2,1,132851371,54,True
6547154603,1651261732,None,None,2,1,1247303812,85,True
6547126103,1651260564,6861,9,2,1,73401082,58,False
6547105603,1651259267,3990,3,2,1,1050127319,58,True
6547105603,1651259267,3990,3,2,1,1264871757,52,True
6547105603,1651259267,3990,3,2,1,1239198638,45,True
6547105603,1651259267,3990,3,2,1,483850689,94,True
6547105603,1651259267,3990,3,2,1,1266748819,129,True
6547105603,1651259267,3990,3,2,1,1138814784,19,False
6547105603,1651259267,3990,3,2,1,299806942,107,False
6547105603,1651259267,3990,3,2,1,1269850527,49,False
6547105603,1651259267,3990,3,2,1,399588134,43,False
6547105603,1651259267,3990,3,2,1,250358373,25,False
6547105603,1651259267,3990,3,2,1,1050127319,58,True
6546832713,1651248095,5580,5,2,1,70917469,3,True
6546832713,1651248095,5580,5,2,1,879017980,70,True
6546832713,1651248095,5580,5,2,1,898455820,15,True
6546832713,1651248095,5580,5,2,1,321554723,119,True
6546832713,1651248095,5580,5,2,1,228516683,129,True
6546832713,1651248095,5580,5,2,1,198192018,43,False
6546832713,1651248095,5580,5,2,1,1086879732,94,False
6546832713,1651248095,5580,5,2,1,107033780,27,False
6546832713,1651248095,5580,5,2,1,129204173,104,False
6546832713,1651248095,5580,5,2,1,390305636,91,False
6546459002,1651234241,7304,8,2,1,331855530,35,True
6546459002,1651234241,7304,8,2,1,480412663,25,True
6546459002,1651234241,7304,8,2,1,56351509,49,True
6546459002,1651234241,7304,8,2,1,9403474,79,True
6546459002,1651234241,7304,8,2,1,217472313,3,True
6546459002,1651234241,7304,8,2,1,91460772,43,False
6546459002,1651234241,7304,8,2,1,196482746,129,False
6546459002,1651234241,7304,8,2,1,90423751,45,False
6546459002,1651234241,7304,8,2,1,165390194,114,False
6546459002,1651234241,7304,8,2,1,363871826,61,False
6546436019,1651233622,7201,6,2,1,92949094,85,False
6546436019,1651233622,7201,6,2,1,196490133,6,False
6546436019,1651233622,7201,6,2,1,107855479,86,False
6546436019,1651233622,7201,6,2,1,115464954,16,False
6546436019,1651233622,7201,6,2,1,27178898,92,False
6546436019,1651233622,7201,6,2,1,111030315,27,True
6546436019,1651233622,7201,6,2,1,241519559,94,True
6546436019,1651233622,7201,6,2,1,217599053,39,True
6546436019,1651233622,7201,6,2,1,234699894,29,True
6546436019,1651233622,7201,6,2,1,386370442,123,True
6546363410,1651230018,7304,8,2,1,91460772,87,False
6546363410,1651230018,7304,8,2,1,196482746,17,False
6546363410,1651230018,7304,8,2,1,90423751,45,False
6546363410,1651230018,7304,8,2,1,165390194,94,False
6546363410,1651230018,7304,8,2,1,363871826,108,False
6546363410,1651230018,7304,8,2,1,331855530,1,True
6546363410,1651230018,7304,8,2,1,480412663,106,True
6546363410,1651230018,7304,8,2,1,56351509,129,True
6546363410,1651230018,7304,8,2,1,9403474,90,True
6546363410,1651230018,7304,8,2,1,217472313,3,True
6546436019,1651233622,7201,6,2,1,92949094,85,False
6546363410,1651230018,7304,8,2,1,91460772,87,False
6546319009,1651227079,3390,3,2,1,250358373,120,True
6546319009,1651227079,3390,3,2,1,173851224,86,True
6546319009,1651227079,3390,3,2,1,1138814784,89,True
6546319009,1651227079,3390,3,2,1,1269850527,108,True
6546319009,1651227079,3390,3,2,1,399588134,43,True
6546319009,1651227079,3390,3,2,1,1210331127,4,False
6546319009,1651227079,3390,3,2,1,1158036449,85,False
6546319009,1651227079,3390,3,2,1,1274300313,39,False
6546319009,1651227079,3390,3,2,1,1274251793,20,False
6546319009,1651227079,3390,3,2,1,1293381675,64,False
6546294901,1651225679,4986,4,2,1,130433320,52,False
6546294901,1651225679,4986,4,2,1,174924847,109,False
6546294901,1651225679,4986,4,2,1,173906452,79,False
6546294901,1651225679,4986,4,2,1,1281314848,81,False
6546294901,1651225679,4986,4,2,1,113923026,101,False
6546294901,1651225679,4986,4,2,1,1247303812,57,True
6546294901,1651225679,4986,4,2,1,1247302157,92,True
6546294901,1651225679,4986,4,2,1,1248664606,59,True
6546294901,1651225679,4986,4,2,1,1304613566,43,True
6546294901,1651225679,4986,4,2,1,1248142838,123,True
6546189718,1651218756,None,None,2,1,412910858,28,True
6546189718,1651218756,None,None,2,1,1068676453,25,True
6546189718,1651218756,None,None,2,1,376005174,15,True
6546189718,1651218756,None,None,2,1,1090568489,49,True
6546189718,1651218756,None,None,2,1,176158708,91,True
6546189718,1651218756,None,None,2,1,1144771878,64,False
6546189718,1651218756,None,None,2,1,241467447,35,False
6546189718,1651218756,None,None,2,1,913081877,95,False
6546189718,1651218756,None,None,2,1,948659765,3,False
6546189718,1651218756,None,None,2,1,1005626260,100,False
6546189014,1651218755,3859,2,2,1,399588134,121,False
6546189014,1651218755,3859,2,2,1,1138814784,59,False
6546189014,1651218755,3859,2,2,1,1251984026,80,False
6546189014,1651218755,3859,2,2,1,1239198638,90,False
6546189014,1651218755,3859,2,2,1,250358373,84,False
6546189014,1651218755,3859,2,2,1,1247303812,112,True
6546189014,1651218755,3859,2,2,1,1248664606,4,True
6546189014,1651218755,3859,2,2,1,1247302157,129,True
6546189014,1651218755,3859,2,2,1,1248142838,101,True
6546189014,1651218755,3859,2,2,1,1304613566,39,True
6546156010,1651216280,5778,10,2,1,385295772,45,True
6546156010,1651216280,5778,10,2,1,248388120,23,True
6546156010,1651216280,5778,10,2,1,162126721,10,True
6546156010,1651216280,5778,10,2,1,190738832,107,True
6546156010,1651216280,5778,10,2,1,155447692,36,True
6546156010,1651216280,5778,10,2,1,110759067,3,False
6546156010,1651216280,5778,10,2,1,218367241,41,False
6546156010,1651216280,5778,10,2,1,145331311,129,False
6546156010,1651216280,5778,10,2,1,169756712,91,False
6546156010,1651216280,5778,10,2,1,136737280,65,False
6546140918,1651215164,4798,5,2,1,1239198638,108,True
6546140918,1651215164,4798,5,2,1,1138814784,81,True
6546140918,1651215164,4798,5,2,1,1251984026,87,True
6546140918,1651215164,4798,5,2,1,1304613566,25,True
6546140918,1651215164,4798,5,2,1,250358373,88,True
6546140918,1651215164,4798,5,2,1,173906452,57,False
6546140918,1651215164,4798,5,2,1,113923026,90,False
6546140918,1651215164,4798,5,2,1,1281314848,49,False
6546140918,1651215164,4798,5,2,1,130433320,15,False
6546140918,1651215164,4798,5,2,1,174924847,19,False
6545834606,1651184607,6107,7,2,1,133167741,17,False
6545834606,1651184607,6107,7,2,1,125732071,110,False
6545834606,1651184607,6107,7,2,1,126174633,78,False
6545834606,1651184607,6107,7,2,1,119315361,94,False
6545834606,1651184607,6107,7,2,1,116525052,7,False
6545834606,1651184607,6107,7,2,1,452400903,14,True
6545834606,1651184607,6107,7,2,1,322010194,87,True
6545834606,1651184607,6107,7,2,1,493967542,99,True
6545834606,1651184607,6107,7,2,1,125941160,41,True
6545834606,1651184607,6107,7,2,1,206712876,43,True
6545600600,1651169774,6626,3,2,1,452400903,48,True
6545600600,1651169774,6626,3,2,1,125941160,74,True
6545600600,1651169774,6626,3,2,1,493967542,19,True
6545600600,1651169774,6626,3,2,1,206712876,47,True
6545600600,1651169774,6626,3,2,1,322010194,16,True
6545600600,1651169774,6626,3,2,1,303673743,94,False
6545600600,1651169774,6626,3,2,1,283629288,129,False
6545600600,1651169774,6626,3,2,1,121591254,123,False
6545600600,1651169774,6626,3,2,1,175104556,126,False
6545600600,1651169774,6626,3,2,1,878212255,98,False
6545507504,1651165536,6626,3,2,1,303673743,46,True
6545507504,1651165536,6626,3,2,1,283629288,84,True
6545507504,1651165536,6626,3,2,1,878212255,40,True
6545507504,1651165536,6626,3,2,1,121591254,19,True
6545507504,1651165536,6626,3,2,1,175104556,106,True
6545507504,1651165536,6626,3,2,1,452400903,8,False
6545507504,1651165536,6626,3,2,1,206712876,121,False
6545507504,1651165536,6626,3,2,1,322010194,98,False
6545507504,1651165536,6626,3,2,1,493967542,27,False
6545507504,1651165536,6626,3,2,1,125941160,17,False
6545417707,1651162082,6173,9,2,1,116876282,43,True
6545417707,1651162082,6173,9,2,1,106783671,81,True
6545417707,1651162082,6173,9,2,1,140297552,13,True
6545417707,1651162082,6173,9,2,1,155370747,38,True
6545417707,1651162082,6173,9,2,1,152168157,9,True
6545417707,1651162082,6173,9,2,1,111030315,45,False
6545417707,1651162082,6173,9,2,1,241519559,109,False
6545417707,1651162082,6173,9,2,1,217599053,52,False
6545417707,1651162082,6173,9,2,1,234699894,129,False
6545417707,1651162082,6173,9,2,1,386370442,123,False
6545834606,1651184607,6107,7,2,1,133167741,17,False
6545600600,1651169774,6626,3,2,1,452400903,48,True
6545507504,1651165536,6626,3,2,1,303673743,46,True
6545417707,1651162082,6173,9,2,1,116876282,43,True
6545015207,1651147093,5104,4,2,1,130433320,112,False
6545015207,1651147093,5104,4,2,1,339941742,20,False
6545015207,1651147093,5104,4,2,1,173906452,85,False
6545015207,1651147093,5104,4,2,1,1281314848,108,False
6545015207,1651147093,5104,4,2,1,174924847,36,False
6545015207,1651147093,5104,4,2,1,1202292236,25,True
6545015207,1651147093,5104,4,2,1,1238656049,93,True
6545015207,1651147093,5104,4,2,1,1266748819,119,True
6545015207,1651147093,5104,4,2,1,1247303812,91,True
6545015207,1651147093,5104,4,2,1,1284323241,81,True
6545015207,1651147093,5104,4,2,1,130433320,112,False
6544960905,1651144383,None,None,2,1,230308002,87,True
6544960905,1651144383,None,None,2,1,76082922,100,True
6544960905,1651144383,None,None,2,1,1133046148,17,True
6544960905,1651144383,None,None,2,1,1173255449,18,True
6544960905,1651144383,None,None,2,1,1194935883,86,True
6544960905,1651144383,None,None,2,1,1252616081,104,False
6544960905,1651144383,None,None,2,1,56981677,48,False
6544960905,1651144383,None,None,2,1,1247011173,22,False
6544960905,1651144383,None,None,2,1,1049956230,31,False
6544960905,1651144383,None,None,2,1,1190298611,121,False
6544932214,1651142725,5104,4,2,1,130433320,40,True
6544932214,1651142725,5104,4,2,1,173906452,3,True
6544932214,1651142725,5104,4,2,1,339941742,123,True
6544932214,1651142725,5104,4,2,1,1281314848,16,True
6544932214,1651142725,5104,4,2,1,174924847,20,True
6544932214,1651142725,5104,4,2,1,1247303812,57,False
6544932214,1651142725,5104,4,2,1,1050127319,58,False
6544932214,1651142725,5104,4,2,1,1266748819,38,False
6544932214,1651142725,5104,4,2,1,1238656049,114,False
6544932214,1651142725,5104,4,2,1,1202292236,45,False
6544895517,1651140589,5139,6,2,1,248388120,46,True
6544895517,1651140589,5139,6,2,1,385295772,45,True
6544895517,1651140589,5139,6,2,1,162126721,23,True
6544895517,1651140589,5139,6,2,1,155447692,120,True
6544895517,1651140589,5139,6,2,1,190738832,90,True
6544895517,1651140589,5139,6,2,1,1067296087,135,False
6544895517,1651140589,5139,6,2,1,113172367,13,False
6544895517,1651140589,5139,6,2,1,315038077,16,False
6544895517,1651140589,5139,6,2,1,248522672,44,False
6544895517,1651140589,5139,6,2,1,867383719,121,False
6544932214,1651142725,5104,4,2,1,130433320,40,True
6544895517,1651140589,5139,6,2,1,248388120,46,True
6544846510,1651137535,5139,6,2,1,385295772,121,True
6544846510,1651137535,5139,6,2,1,248388120,69,True
6544846510,1651137535,5139,6,2,1,162126721,81,True
6544846510,1651137535,5139,6,2,1,155447692,15,True
6544846510,1651137535,5139,6,2,1,190738832,107,True
6544846510,1651137535,5139,6,2,1,248522672,19,False
6544846510,1651137535,5139,6,2,1,1067296087,45,False
6544846510,1651137535,5139,6,2,1,113172367,120,False
6544846510,1651137535,5139,6,2,1,315038077,100,False
6544846510,1651137535,5139,6,2,1,867383719,128,False
6544802118,1651134379,None,None,2,1,412910858,129,False
6544802118,1651134379,None,None,2,1,1090568489,3,False
6544802118,1651134379,None,None,2,1,1068676453,13,False
6544802118,1651134379,None,None,2,1,176158708,64,False
6544802118,1651134379,None,None,2,1,376005174,44,False
6544802118,1651134379,None,None,2,1,76082922,43,True
6544802118,1651134379,None,None,2,1,230308002,57,True
6544802118,1651134379,None,None,2,1,1194935883,114,True
6544802118,1651134379,None,None,2,1,1173255449,19,True
6544802118,1651134379,None,None,2,1,1133046148,21,True
6544699001,1651126547,4287,6,2,1,1050127319,91,False
6544699001,1651126547,4287,6,2,1,1138814784,70,False
6544699001,1651126547,4287,6,2,1,399588134,86,False
6544699001,1651126547,4287,6,2,1,173851224,98,False
6544699001,1651126547,4287,6,2,1,1269850527,17,False
6544699001,1651126547,4287,6,2,1,130433320,19,True
6544699001,1651126547,4287,6,2,1,113923026,45,True
6544699001,1651126547,4287,6,2,1,173906452,57,True
6544699001,1651126547,4287,6,2,1,339941742,27,True
6544699001,1651126547,4287,6,2,1,1281314848,49,True
6544692206,1651126053,None,None,2,1,76082922,110,True
6544692206,1651126053,None,None,2,1,230308002,84,True
6544692206,1651126053,None,None,2,1,1133046148,17,True
6544692206,1651126053,None,None,2,1,1173255449,41,True
6544692206,1651126053,None,None,2,1,1194935883,88,True
6544692206,1651126053,None,None,2,1,928499811,86,False
6544692206,1651126053,None,None,2,1,1228355759,60,False
6544692206,1651126053,None,None,2,1,1227183303,90,False
6544692206,1651126053,None,None,2,1,1200963940,76,False
6544692206,1651126053,None,None,2,1,1185918470,81,False
6544659703,1651123214,None,None,2,1,1090568489,83,False
6544659703,1651123214,None,None,2,1,1068676453,100,False
6544659703,1651123214,None,None,2,1,412910858,13,False
6544659703,1651123214,None,None,2,1,176158708,21,False
6544659703,1651123214,None,None,2,1,376005174,10,False
6544659703,1651123214,None,None,2,1,1190298611,112,True
6544659703,1651123214,None,None,2,1,1247011173,36,True
6544659703,1651123214,None,None,2,1,1252616081,123,True
6544659703,1651123214,None,None,2,1,56981677,94,True
6544659703,1651123214,None,None,2,1,1049956230,51,True
6544419000,1651098087,5851,8,2,1,35504297,121,True
6544419000,1651098087,5851,8,2,1,119315361,109,True
6544419000,1651098087,5851,8,2,1,133167741,17,True
6544419000,1651098087,5851,8,2,1,126174633,81,True
6544419000,1651098087,5851,8,2,1,116525052,91,True
6544419000,1651098087,5851,8,2,1,1171243748,72,False
6544419000,1651098087,5851,8,2,1,180775030,74,False
6544419000,1651098087,5851,8,2,1,352623024,108,False
6544419000,1651098087,5851,8,2,1,248180032,90,False
6544419000,1651098087,5851,8,2,1,99796146,135,False
6544419000,1651098087,5851,8,2,1,35504297,121,True
6543785318,1651067999,7191,7,2,1,331855530,35,False
6543785318,1651067999,7191,7,2,1,480412663,17,False
6543785318,1651067999,7191,7,2,1,56351509,98,False
6543785318,1651067999,7191,7,2,1,9403474,128,False
6543785318,1651067999,7191,7,2,1,217472313,58,False
6543785318,1651067999,7191,7,2,1,94049589,85,True
6543785318,1651067999,7191,7,2,1,858106446,52,True
6543785318,1651067999,7191,7,2,1,165564598,16,True
6543785318,1651067999,7191,7,2,1,159020918,9,True
6543785318,1651067999,7191,7,2,1,132851371,53,True
6543633700,1651062161,4986,4,2,1,173906452,84,True
6543633700,1651062161,4986,4,2,1,174924847,56,True
6543633700,1651062161,4986,4,2,1,1281314848,16,True
6543633700,1651062161,4986,4,2,1,130433320,129,True
6543633700,1651062161,4986,4,2,1,113923026,90,True
6543633700,1651062161,4986,4,2,1,1210331127,63,False
6543633700,1651062161,4986,4,2,1,1274251793,88,False
6543633700,1651062161,4986,4,2,1,1158036449,121,False
6543633700,1651062161,4986,4,2,1,1274300313,106,False
6543633700,1651062161,4986,4,2,1,1293381675,81,False
6543496819,1651055201,2072,1,2,1,1232094007,101,True
6543496819,1651055201,2072,1,2,1,1170923497,35,True
6543496819,1651055201,2072,1,2,1,992327405,48,True
6543496819,1651055201,2072,1,2,1,202984325,104,True
6543496819,1651055201,2072,1,2,1,162724090,51,True
6543496819,1651055201,2072,1,2,1,1200963940,44,False
6543496819,1651055201,2072,1,2,1,1228355759,16,False
6543496819,1651055201,2072,1,2,1,1185918470,8,False
6543496819,1651055201,2072,1,2,1,1227183303,64,False
6543496819,1651055201,2072,1,2,1,928499811,9,False
6543785318,1651067999,7191,7,2,1,331855530,35,False
6543633700,1651062161,4986,4,2,1,173906452,84,True
6543496819,1651055201,2072,1,2,1,1232094007,101,True
6543480611,1651054084,5683,8,2,1,198511439,39,False
6543480611,1651054084,5683,8,2,1,89239530,83,False
6543480611,1651054084,5683,8,2,1,122913901,98,False
6543480611,1651054084,5683,8,2,1,175526502,120,False
6543480611,1651054084,5683,8,2,1,102123589,42,False
6543480611,1651054084,5683,8,2,1,175538589,49,True
6543480611,1651054084,5683,8,2,1,852807043,9,True
6543480611,1651054084,5683,8,2,1,181235145,108,True
6543480611,1651054084,5683,8,2,1,117127191,90,True
6543480611,1651054084,5683,8,2,1,153749948,114,True
6543480611,1651054084,5683,8,2,1,198511439,39,False
6543464603,1651053081,3420,2,2,1,483850689,11,False
6543464603,1651053081,3420,2,2,1,1050127319,9,False
6543464603,1651053081,3420,2,2,1,1096978451,129,False
6543464603,1651053081,3420,2,2,1,131271150,126,False
6543464603,1651053081,3420,2,2,1,366332869,85,False
6543464603,1651053081,3420,2,2,1,1202292236,23,True
6543464603,1651053081,3420,2,2,1,299806942,123,True
6543464603,1651053081,3420,2,2,1,1284323241,16,True
6543464603,1651053081,3420,2,2,1,1280585455,44,True
6543464603,1651053081,3420,2,2,1,1262266956,45,True
6543423507,1651050810,5358,6,2,1,886742476,72,False
6543423507,1651050810,5358,6,2,1,861222921,84,False
6543423507,1651050810,5358,6,2,1,425883369,90,False
6543423507,1651050810,5358,6,2,1,302999330,49,False
6543423507,1651050810,5358,6,2,1,285319482,27,False
6543423507,1651050810,5358,6,2,1,190738832,107,True
6543423507,1651050810,5358,6,2,1,248388120,17,True
6543423507,1651050810,5358,6,2,1,155447692,45,True
6543423507,1651050810,5358,6,2,1,385295772,121,True
6543423507,1651050810,5358,6,2,1,162126721,10,True
6543323602,1651043821,4252,1,2,1,1262266956,91,False
6543323602,1651043821,4252,1,2,1,1280585455,32,False
6543323602,1651043821,4252,1,2,1,1284323241,16,False
6543323602,1651043821,4252,1,2,1,299806942,121,False
6543323602,1651043821,4252,1,2,1,1248664606,72,False
6543323602,1651043821,4252,1,2,1,1050127319,45,True
6543323602,1651043821,4252,1,2,1,1202292236,23,True
6543323602,1651043821,4252,1,2,1,1266748819,49,True
6543323602,1651043821,4252,1,2,1,1238656049,114,True
6543323602,1651043821,4252,1,2,1,881959275,58,True
6543316514,1651042802,3806,6,2,1,320207650,68,True
6543316514,1651042802,3806,6,2,1,168662082,2,True
6543316514,1651042802,3806,6,2,1,838668728,123,True
6543316514,1651042802,3806,6,2,1,181788172,98,True
6543316514,1651042802,3806,6,2,1,220219886,19,True
6543316514,1651042802,3806,6,2,1,146604493,59,False
6543316514,1651042802,3806,6,2,1,116442725,84,False
6543316514,1651042802,3806,6,2,1,344570337,11,False
6543316514,1651042802,3806,6,2,1,117960359,53,False
6543316514,1651042802,3806,6,2,1,128611542,128,False
6543049612,1651017607,4848,7,2,1,114585639,49,False
6543049612,1651017607,4848,7,2,1,1035128290,106,False
6543049612,1651017607,4848,7,2,1,169405715,58,False
6543049612,1651017607,4848,7,2,1,361688848,89,False
6543049612,1651017607,4848,7,2,1,98961223,3,False
6543049612,1651017607,4848,7,2,1,172739956,15,True
6543049612,1651017607,4848,7,2,1,874542740,52,True
6543049612,1651017607,4848,7,2,1,93159453,47,True
6543049612,1651017607,4848,7,2,1,92253768,19,True
6543049612,1651017607,4848,7,2,1,277196834,102,True
6542197711,1650975269,None,None,2,1,1173255449,95,False
6542197711,1650975269,None,None,2,1,1133046148,126,False
6542197711,1650975269,None,None,2,1,1194935883,72,False
6542197711,1650975269,None,None,2,1,230308002,21,False
6542197711,1650975269,None,None,2,1,76082922,62,False
6542197711,1650975269,None,None,2,1,1227183303,63,True
6542197711,1650975269,None,None,2,1,1228355759,123,True
6542197711,1650975269,None,None,2,1,1200963940,106,True
6542197711,1650975269,None,None,2,1,928499811,100,True
6542197711,1650975269,None,None,2,1,1185918470,44,True
6542038810,1650966545,None,None,2,1,1247302157,92,False
6542038810,1650966545,None,None,2,1,1304613566,63,False
6542038810,1650966545,None,None,2,1,1247303812,68,False
6542038810,1650966545,None,None,2,1,1248142838,128,False
6542038810,1650966545,None,None,2,1,1248664606,81,False
6542038810,1650966545,None,None,2,1,1210331127,44,True
6542038810,1650966545,None,None,2,1,1158036449,85,True
6542038810,1650966545,None,None,2,1,1274251793,27,True
6542038810,1650966545,None,None,2,1,1293381675,43,True
6542038810,1650966545,None,None,2,1,1274300313,106,True
6541998913,1650963917,3693,1,2,1,877800554,16,True
6541998913,1650963917,3693,1,2,1,342337498,79,True
6541998913,1650963917,3693,1,2,1,228392819,74,True
6541998913,1650963917,3693,1,2,1,483850689,109,True
6541998913,1650963917,3693,1,2,1,1239198638,85,True
6541998913,1650963917,3693,1,2,1,1202292236,23,False
6541998913,1650963917,3693,1,2,1,1238656049,6,False
6541998913,1650963917,3693,1,2,1,1050127319,101,False
6541998913,1650963917,3693,1,2,1,1106500482,129,False
6541998913,1650963917,3693,1,2,1,881959275,45,False
6543049612,1651017607,4848,7,2,1,114585639,49,False
6542197711,1650975269,None,None,2,1,1173255449,95,False
6542038810,1650966545,None,None,2,1,1247302157,92,False
6541998913,1650963917,3693,1,2,1,877800554,16,True
6541923408,1650958685,6395,6,2,1,104504914,16,True
6541923408,1650958685,6395,6,2,1,1125296112,109,True
6541923408,1650958685,6395,6,2,1,318286721,45,True
6541923408,1650958685,6395,6,2,1,318371533,9,True
6541923408,1650958685,6395,6,2,1,877696078,39,True
6541923408,1650958685,6395,6,2,1,101460882,58,False
6541923408,1650958685,6395,6,2,1,99573176,121,False
6541923408,1650958685,6395,6,2,1,104758571,17,False
6541923408,1650958685,6395,6,2,1,184138153,49,False
6541923408,1650958685,6395,6,2,1,101325470,94,False
6541923408,1650958685,6395,6,2,1,104504914,16,True
6541885413,1650955748,4789,7,2,1,344570337,92,False
6541885413,1650955748,4789,7,2,1,128611542,9,False
6541885413,1650955748,4789,7,2,1,146604493,4,False
6541885413,1650955748,4789,7,2,1,117960359,100,False
6541885413,1650955748,4789,7,2,1,116442725,30,False
6541885413,1650955748,4789,7,2,1,89239530,26,True
6541885413,1650955748,4789,7,2,1,175526502,91,True
6541885413,1650955748,4789,7,2,1,122913901,104,True
6541885413,1650955748,4789,7,2,1,198511439,52,True
6541885413,1650955748,4789,7,2,1,102123589,10,True
6541868713,1650954464,5862,6,2,1,410220395,94,False
6541868713,1650954464,5862,6,2,1,282359850,17,False
6541868713,1650954464,5862,6,2,1,86759987,98,False
6541868713,1650954464,5862,6,2,1,419176332,90,False
6541868713,1650954464,5862,6,2,1,58429537,88,False
6541868713,1650954464,5862,6,2,1,877696078,39,True
6541868713,1650954464,5862,6,2,1,318371533,27,True
6541868713,1650954464,5862,6,2,1,318286721,58,True
6541868713,1650954464,5862,6,2,1,104504914,100,True
6541868713,1650954464,5862,6,2,1,1125296112,19,True
6541817705,1650950052,5862,6,2,1,410220395,94,True
6541817705,1650950052,5862,6,2,1,282359850,47,True
6541817705,1650950052,5862,6,2,1,86759987,98,True
6541817705,1650950052,5862,6,2,1,419176332,88,True
6541817705,1650950052,5862,6,2,1,58429537,121,True
6541817705,1650950052,5862,6,2,1,877696078,49,False
6541817705,1650950052,5862,6,2,1,318371533,123,False
6541817705,1650950052,5862,6,2,1,318286721,58,False
6541817705,1650950052,5862,6,2,1,104504914,100,False
6541817705,1650950052,5862,6,2,1,1125296112,12,False
6541156508,1650902109,5957,9,2,1,106783671,19,False
6541156508,1650902109,5957,9,2,1,152168157,120,False
6541156508,1650902109,5957,9,2,1,140297552,128,False
6541156508,1650902109,5957,9,2,1,155370747,15,False
6541156508,1650902109,5957,9,2,1,116876282,3,False
6541156508,1650902109,5957,9,2,1,178692606,45,True
6541156508,1650902109,5957,9,2,1,230098600,4,True
6541156508,1650902109,5957,9,2,1,137855976,49,True
6541156508,1650902109,5957,9,2,1,113112046,13,True
6541156508,1650902109,5957,9,2,1,82305765,86,True
6541031515,1650897301,2588,1,2,1,1251984026,80,False
6541031515,1650897301,2588,1,2,1,1202292236,121,False
6541031515,1650897301,2588,1,2,1,1239198638,100,False
6541031515,1650897301,2588,1,2,1,1106500482,43,False
6541031515,1650897301,2588,1,2,1,1262266956,84,False
6541031515,1650897301,2588,1,2,1,483850689,109,True
6541031515,1650897301,2588,1,2,1,1146548664,25,True
6541031515,1650897301,2588,1,2,1,1096978451,7,True
6541031515,1650897301,2588,1,2,1,131271150,128,True
6541031515,1650897301,2588,1,2,1,366332869,3,True
6540947104,1650894435,2588,1,2,1,483850689,12,False
6540947104,1650894435,2588,1,2,1,1146548664,86,False
6540947104,1650894435,2588,1,2,1,1096978451,120,False
6540947104,1650894435,2588,1,2,1,131271150,16,False
6540947104,1650894435,2588,1,2,1,366332869,3,False
6540947104,1650894435,2588,1,2,1,1202292236,90,True
6540947104,1650894435,2588,1,2,1,1106500482,55,True
6540947104,1650894435,2588,1,2,1,1251984026,19,True
6540947104,1650894435,2588,1,2,1,1239198638,88,True
6540947104,1650894435,2588,1,2,1,1262266956,45,True
6540898910,1650892885,6312,8,2,1,293904640,72,True
6540898910,1650892885,6312,8,2,1,931145002,123,True
6540898910,1650892885,6312,8,2,1,126842529,129,True
6540898910,1650892885,6312,8,2,1,322925642,25,True
6540898910,1650892885,6312,8,2,1,146076829,46,True
6540898910,1650892885,6312,8,2,1,110759067,43,False
6540898910,1650892885,6312,8,2,1,218367241,94,False
6540898910,1650892885,6312,8,2,1,145331311,120,False
6540898910,1650892885,6312,8,2,1,169756712,121,False
6540898910,1650892885,6312,8,2,1,136737280,126,False
6541156508,1650902109,5957,9,2,1,106783671,19,False
6541031515,1650897301,2588,1,2,1,1251984026,80,False
6540947104,1650894435,2588,1,2,1,483850689,12,False
6540898910,1650892885,6312,8,2,1,293904640,72,True
6540772212,1650887874,6312,8,2,1,293904640,72,True
6540772212,1650887874,6312,8,2,1,931145002,123,True
6540772212,1650887874,6312,8,2,1,126842529,129,True
6540772212,1650887874,6312,8,2,1,322925642,74,True
6540772212,1650887874,6312,8,2,1,146076829,46,True
6540772212,1650887874,6312,8,2,1,110759067,43,False
6540772212,1650887874,6312,8,2,1,218367241,94,False
6540772212,1650887874,6312,8,2,1,145331311,120,False
6540772212,1650887874,6312,8,2,1,169756712,121,False
6540772212,1650887874,6312,8,2,1,136737280,126,False
6540690004,1650883545,3268,2,2,1,877800554,38,True
6540690004,1650883545,3268,2,2,1,1251984026,19,True
6540690004,1650883545,3268,2,2,1,1239198638,121,True
6540690004,1650883545,3268,2,2,1,1304613566,39,True
6540690004,1650883545,3268,2,2,1,342337498,91,True
6540690004,1650883545,3268,2,2,1,1202292236,120,False
6540690004,1650883545,3268,2,2,1,350296466,94,False
6540690004,1650883545,3268,2,2,1,1284323241,65,False
6540690004,1650883545,3268,2,2,1,299806942,81,False
6540690004,1650883545,3268,2,2,1,1262266956,45,False
6540623012,1650879387,2588,1,2,1,1293381675,69,True
6540623012,1650879387,2588,1,2,1,1210331127,15,True
6540623012,1650879387,2588,1,2,1,1158036449,50,True
6540623012,1650879387,2588,1,2,1,1274251793,123,True
6540623012,1650879387,2588,1,2,1,1274300313,106,True
6540623012,1650879387,2588,1,2,1,483850689,19,False
6540623012,1650879387,2588,1,2,1,131271150,16,False
6540623012,1650879387,2588,1,2,1,1096978451,92,False
6540623012,1650879387,2588,1,2,1,366332869,58,False
6540623012,1650879387,2588,1,2,1,1010903574,101,False
6540533913,1650873442,2072,1,2,1,412910858,104,False
6540533913,1650873442,2072,1,2,1,1090568489,100,False
6540533913,1650873442,2072,1,2,1,1068676453,76,False
6540533913,1650873442,2072,1,2,1,176158708,88,False
6540533913,1650873442,2072,1,2,1,376005174,4,False
6540533913,1650873442,2072,1,2,1,992327405,128,True
6540533913,1650873442,2072,1,2,1,1232094007,90,True
6540533913,1650873442,2072,1,2,1,202984325,60,True
6540533913,1650873442,2072,1,2,1,162724090,112,True
6540533913,1650873442,2072,1,2,1,1170923497,72,True
6540533913,1650873442,2072,1,2,1,412910858,104,False
6540528312,1650873011,6323,7,2,1,293904640,84,True
6540528312,1650873011,6323,7,2,1,931145002,90,True
6540528312,1650873011,6323,7,2,1,322925642,25,True
6540528312,1650873011,6323,7,2,1,126842529,100,True
6540528312,1650873011,6323,7,2,1,146076829,46,True
6540528312,1650873011,6323,7,2,1,136624722,72,False
6540528312,1650873011,6323,7,2,1,130503714,121,False
6540528312,1650873011,6323,7,2,1,906563731,49,False
6540528312,1650873011,6323,7,2,1,369751488,53,False
6540528312,1650873011,6323,7,2,1,230617400,39,False
6540505812,1650871195,3249,2,2,1,1239198638,51,False
6540505812,1650871195,3249,2,2,1,173851224,3,False
6540505812,1650871195,3249,2,2,1,1050127319,45,False
6540505812,1650871195,3249,2,2,1,1138814784,89,False
6540505812,1650871195,3249,2,2,1,250358373,17,False
6540505812,1650871195,3249,2,2,1,1210331127,81,True
6540505812,1650871195,3249,2,2,1,1274251793,107,True
6540505812,1650871195,3249,2,2,1,1274300313,36,True
6540505812,1650871195,3249,2,2,1,1158036449,79,True
6540505812,1650871195,3249,2,2,1,1293381675,43,True
6540493305,1650870255,3268,2,2,1,1247303812,3,True
6540493305,1650870255,3268,2,2,1,1266748819,120,True
6540493305,1650870255,3268,2,2,1,1247302157,36,True
6540493305,1650870255,3268,2,2,1,1304613566,39,True
6540493305,1650870255,3268,2,2,1,1248664606,81,True
6540493305,1650870255,3268,2,2,1,1262266956,91,False
6540493305,1650870255,3268,2,2,1,350296466,19,False
6540493305,1650870255,3268,2,2,1,1280585455,126,False
6540493305,1650870255,3268,2,2,1,299806942,27,False
6540493305,1650870255,3268,2,2,1,1284323241,49,False
6540051602,1650830119,6252,7,2,1,292921272,98,True
6540051602,1650830119,6252,7,2,1,153836240,11,True
6540051602,1650830119,6252,7,2,1,119631156,79,True
6540051602,1650830119,6252,7,2,1,164685175,81,True
6540051602,1650830119,6252,7,2,1,157989498,86,True
6540051602,1650830119,6252,7,2,1,125995177,30,False
6540051602,1650830119,6252,7,2,1,131303632,17,False
6540051602,1650830119,6252,7,2,1,138177198,78,False
6540051602,1650830119,6252,7,2,1,105045291,27,False
6540051602,1650830119,6252,7,2,1,177203952,94,False
6539297812,1650800919,5106,4,2,1,113923026,85,False
6539297812,1650800919,5106,4,2,1,130433320,28,False
6539297812,1650800919,5106,4,2,1,1280585455,45,False
6539297812,1650800919,5106,4,2,1,299806942,88,False
6539297812,1650800919,5106,4,2,1,174924847,94,False
6539297812,1650800919,5106,4,2,1,342337498,90,True
6539297812,1650800919,5106,4,2,1,1264871757,52,True
6539297812,1650800919,5106,4,2,1,1251984026,1,True
6539297812,1650800919,5106,4,2,1,1106500482,49,True
6539297812,1650800919,5106,4,2,1,1239198638,31,True
6539248803,1650798801,5106,4,2,1,342337498,79,False
6539248803,1650798801,5106,4,2,1,1106500482,85,False
6539248803,1650798801,5106,4,2,1,1251984026,78,False
6539248803,1650798801,5106,4,2,1,1239198638,39,False
6539248803,1650798801,5106,4,2,1,1264871757,19,False
6539248803,1650798801,5106,4,2,1,113923026,107,True
6539248803,1650798801,5106,4,2,1,130433320,104,True
6539248803,1650798801,5106,4,2,1,1280585455,16,True
6539248803,1650798801,5106,4,2,1,299806942,21,True
6539248803,1650798801,5106,4,2,1,174924847,83,True
6539219317,1650797731,5728,9,2,1,230617400,120,True
6539219317,1650797731,5728,9,2,1,369751488,41,True
6539219317,1650797731,5728,9,2,1,906563731,81,True
6539219317,1650797731,5728,9,2,1,130503714,128,True
6539219317,1650797731,5728,9,2,1,136624722,121,True
6539219317,1650797731,5728,9,2,1,155447692,15,False
6539219317,1650797731,5728,9,2,1,248388120,100,False
6539219317,1650797731,5728,9,2,1,162126721,10,False
6539219317,1650797731,5728,9,2,1,190738832,114,False
6539219317,1650797731,5728,9,2,1,385295772,111,False
6540051602,1650830119,6252,7,2,1,292921272,98,True
6539297812,1650800919,5106,4,2,1,113923026,85,False
6539248803,1650798801,5106,4,2,1,342337498,79,False
6539219317,1650797731,5728,9,2,1,230617400,120,True
6536764901,1650659228,5902,7,2,1,1171243748,113,False
6536764901,1650659228,5902,7,2,1,399920568,126,False
6536764901,1650659228,5902,7,2,1,242885483,101,False
6536764901,1650659228,5902,7,2,1,100758751,84,False
6536764901,1650659228,5902,7,2,1,28070572,129,False
6536764901,1650659228,5902,7,2,1,121591254,90,True
6536764901,1650659228,5902,7,2,1,123953528,13,True
6536764901,1650659228,5902,7,2,1,173971950,42,True
6536764901,1650659228,5902,7,2,1,185001854,58,True
6536764901,1650659228,5902,7,2,1,124659668,16,True
6536722716,1650657371,6081,9,2,1,161072811,17,False
6536722716,1650657371,6081,9,2,1,99540890,121,False
6536722716,1650657371,6081,9,2,1,100246000,81,False
6536722716,1650657371,6081,9,2,1,100708765,135,False
6536722716,1650657371,6081,9,2,1,188423794,15,False
6536722716,1650657371,6081,9,2,1,172739956,43,True
6536722716,1650657371,6081,9,2,1,92253768,100,True
6536722716,1650657371,6081,9,2,1,93159453,63,True
6536722716,1650657371,6081,9,2,1,874542740,59,True
6536722716,1650657371,6081,9,2,1,277196834,102,True
6536435211,1650645192,7023,9,2,1,145065875,119,True
6536435211,1650645192,7023,9,2,1,40805086,65,True
6536435211,1650645192,7023,9,2,1,155162307,72,True
6536435211,1650645192,7023,9,2,1,108958769,91,True
6536435211,1650645192,7023,9,2,1,86785083,38,True
6536435211,1650645192,7023,9,2,1,86953414,9,False
6536435211,1650645192,7023,9,2,1,112426916,21,False
6536435211,1650645192,7023,9,2,1,158606677,49,False
6536435211,1650645192,7023,9,2,1,103910993,23,False
6536435211,1650645192,7023,9,2,1,113619848,3,False
6536349017,1650642023,7023,9,2,1,86953414,114,False
6536349017,1650642023,7023,9,2,1,112426916,19,False
6536349017,1650642023,7023,9,2,1,158606677,129,False
6536349017,1650642023,7023,9,2,1,103910993,94,False
6536349017,1650642023,7023,9,2,1,113619848,20,False
6536349017,1650642023,7023,9,2,1,145065875,51,True
6536349017,1650642023,7023,9,2,1,40805086,120,True
6536349017,1650642023,7023,9,2,1,155162307,109,True
6536349017,1650642023,7023,9,2,1,108958769,3,True
6536349017,1650642023,7023,9,2,1,86785083,55,True
6536435211,1650645192,7023,9,2,1,145065875,119,True
6536349017,1650642023,7023,9,2,1,86953414,114,False
6536338602,1650641410,3492,3,2,1,352650320,106,False
6536338602,1650641410,3492,3,2,1,247843301,6,False
6536338602,1650641410,3492,3,2,1,247891745,102,False
6536338602,1650641410,3492,3,2,1,117762280,57,False
6536338602,1650641410,3492,3,2,1,365729339,15,False
6536338602,1650641410,3492,3,2,1,892931446,16,True
6536338602,1650641410,3492,3,2,1,342139014,44,True
6536338602,1650641410,3492,3,2,1,312443270,123,True
6536338602,1650641410,3492,3,2,1,336762534,85,True
6536338602,1650641410,3492,3,2,1,144954444,126,True
6536306611,1650640345,2748,5,2,1,1043558915,123,True
6536306611,1650640345,2748,5,2,1,307592862,72,True
6536306611,1650640345,2748,5,2,1,153431735,34,True
6536306611,1650640345,2748,5,2,1,1037181615,91,True
6536306611,1650640345,2748,5,2,1,238051254,49,True
6536306611,1650640345,2748,5,2,1,219662839,13,False
6536306611,1650640345,2748,5,2,1,190887194,128,False
6536306611,1650640345,2748,5,2,1,227819519,120,False
6536306611,1650640345,2748,5,2,1,393328591,21,False
6536306611,1650640345,2748,5,2,1,1216989974,42,False
6535967209,1650628809,6787,8,2,1,86953414,120,True
6535967209,1650628809,6787,8,2,1,112426916,19,True
6535967209,1650628809,6787,8,2,1,27178898,47,True
6535967209,1650628809,6787,8,2,1,103910993,8,True
6535967209,1650628809,6787,8,2,1,113619848,45,True
6535967209,1650628809,6787,8,2,1,904131336,81,False
6535967209,1650628809,6787,8,2,1,106278629,106,False
6535967209,1650628809,6787,8,2,1,169808301,121,False
6535967209,1650628809,6787,8,2,1,241884166,110,False
6535967209,1650628809,6787,8,2,1,92487440,16,False
6535924513,1650626443,2588,1,2,1,483850689,19,False
6535924513,1650626443,2588,1,2,1,1146548664,85,False
6535924513,1650626443,2588,1,2,1,1096978451,17,False
6535924513,1650626443,2588,1,2,1,131271150,126,False
6535924513,1650626443,2588,1,2,1,366332869,58,False
6535924513,1650626443,2588,1,2,1,1202292236,13,True
6535924513,1650626443,2588,1,2,1,1238656049,114,True
6535924513,1650626443,2588,1,2,1,1266748819,16,True
6535924513,1650626443,2588,1,2,1,1050127319,100,True
6535924513,1650626443,2588,1,2,1,1248142838,128,True
6535906916,1650625550,4986,4,2,1,173906452,88,True
6535906916,1650625550,4986,4,2,1,1281314848,104,True
6535906916,1650625550,4986,4,2,1,174924847,94,True
6535906916,1650625550,4986,4,2,1,130433320,13,True
6535906916,1650625550,4986,4,2,1,113923026,16,True
6535906916,1650625550,4986,4,2,1,1210331127,1,False
6535906916,1650625550,4986,4,2,1,1274251793,123,False
6535906916,1650625550,4986,4,2,1,1274300313,90,False
6535906916,1650625550,4986,4,2,1,1158036449,27,False
6535906916,1650625550,4986,4,2,1,1293381675,19,False
6535841117,1650621731,3583,3,2,1,1284323241,49,False
6535841117,1650621731,3583,3,2,1,1239198638,57,False
6535841117,1650621731,3583,3,2,1,1251984026,19,False
6535841117,1650621731,3583,3,2,1,299806942,90,False
6535841117,1650621731,3583,3,2,1,1264871757,128,False
6535841117,1650621731,3583,3,2,1,250358373,46,True
6535841117,1650621731,3583,3,2,1,1248142838,101,True
6535841117,1650621731,3583,3,2,1,1138814784,59,True
6535841117,1650621731,3583,3,2,1,1227192897,81,True
6535841117,1650621731,3583,3,2,1,173851224,88,True
6535753102,1650615964,4986,4,2,1,130433320,106,True
6535753102,1650615964,4986,4,2,1,173906452,64,True
6535753102,1650615964,4986,4,2,1,1281314848,45,True
6535753102,1650615964,4986,4,2,1,174924847,44,True
6535753102,1650615964,4986,4,2,1,113923026,51,True
6535753102,1650615964,4986,4,2,1,1266748819,38,False
6535753102,1650615964,4986,4,2,1,1202292236,129,False
6535753102,1650615964,4986,4,2,1,1238656049,6,False
6535753102,1650615964,4986,4,2,1,881959275,85,False
6535753102,1650615964,4986,4,2,1,1050127319,101,False
6535663102,1650609376,4512,6,2,1,92582668,43,True
6535663102,1650609376,4512,6,2,1,116442725,121,True
6535663102,1650609376,4512,6,2,1,117960359,38,True
6535663102,1650609376,4512,6,2,1,128611542,128,True
6535663102,1650609376,4512,6,2,1,146604493,32,True
6535663102,1650609376,4512,6,2,1,128609706,22,False
6535663102,1650609376,4512,6,2,1,220219886,42,False
6535663102,1650609376,4512,6,2,1,181788172,33,False
6535663102,1650609376,4512,6,2,1,838668728,68,False
6535663102,1650609376,4512,6,2,1,320207650,58,False
6535559306,1650600205,None,None,2,1,1090568489,84,True
6535559306,1650600205,None,None,2,1,412910858,38,True
6535559306,1650600205,None,None,2,1,1068676453,43,True
6535559306,1650600205,None,None,2,1,376005174,114,True
6535559306,1650600205,None,None,2,1,176158708,86,True
6535559306,1650600205,None,None,2,1,230308002,27,False
6535559306,1650600205,None,None,2,1,1173255449,23,False
6535559306,1650600205,None,None,2,1,1194935883,71,False
6535559306,1650600205,None,None,2,1,1133046148,39,False
6535559306,1650600205,None,None,2,1,76082922,121,False
6535272817,1650572449,6964,8,2,1,145065875,101,False
6535272817,1650572449,6964,8,2,1,40805086,90,False
6535272817,1650572449,6964,8,2,1,155162307,81,False
6535272817,1650572449,6964,8,2,1,108958769,120,False
6535272817,1650572449,6964,8,2,1,86785083,16,False
6535272817,1650572449,6964,8,2,1,331855530,59,True
6535272817,1650572449,6964,8,2,1,480412663,52,True
6535272817,1650572449,6964,8,2,1,56351509,129,True
6535272817,1650572449,6964,8,2,1,9403474,9,True
6535272817,1650572449,6964,8,2,1,217472313,58,True
6535559306,1650600205,None,None,2,1,1090568489,84,True
6535272817,1650572449,6964,8,2,1,145065875,101,False
6535120109,1650564608,6964,8,2,1,331855530,113,True
6535120109,1650564608,6964,8,2,1,480412663,43,True
6535120109,1650564608,6964,8,2,1,56351509,38,True
6535120109,1650564608,6964,8,2,1,9403474,86,True
6535120109,1650564608,6964,8,2,1,217472313,102,True
6535120109,1650564608,6964,8,2,1,145065875,9,False
6535120109,1650564608,6964,8,2,1,40805086,120,False
6535120109,1650564608,6964,8,2,1,155162307,81,False
6535120109,1650564608,6964,8,2,1,108958769,3,False
6535120109,1650564608,6964,8,2,1,86785083,61,False
6534570219,1650542722,7461,8,2,1,324277900,17,True
6534570219,1650542722,7461,8,2,1,155494381,119,True
6534570219,1650542722,7461,8,2,1,156328257,129,True
6534570219,1650542722,7461,8,2,1,100594231,43,True
6534570219,1650542722,7461,8,2,1,392565237,94,True
6534570219,1650542722,7461,8,2,1,116585378,1,False
6534570219,1650542722,7461,8,2,1,119576842,114,False
6534570219,1650542722,7461,8,2,1,135495981,39,False
6534570219,1650542722,7461,8,2,1,91443418,91,False
6534570219,1650542722,7461,8,2,1,113457795,52,False
6535120109,1650564608,6964,8,2,1,331855530,113,True
6534570219,1650542722,7461,8,2,1,324277900,17,True
6534557105,1650542420,6674,8,2,1,117421467,51,True
6534557105,1650542420,6674,8,2,1,195108598,108,True
6534557105,1650542420,6674,8,2,1,235505993,120,True
6534557105,1650542420,6674,8,2,1,106305042,46,True
6534557105,1650542420,6674,8,2,1,177411785,43,True
6534557105,1650542420,6674,8,2,1,904131336,42,False
6534557105,1650542420,6674,8,2,1,169808301,64,False
6534557105,1650542420,6674,8,2,1,106278629,25,False
6534557105,1650542420,6674,8,2,1,241884166,90,False
6534557105,1650542420,6674,8,2,1,92487440,129,False
6534557105,1650542420,6674,8,2,1,117421467,51,True
6534479312,1650538028,None,None,2,1,241467447,69,True
6534479312,1650538028,None,None,2,1,1144771878,2,True
6534479312,1650538028,None,None,2,1,948659765,119,True
6534479312,1650538028,None,None,2,1,913081877,54,True
6534479312,1650538028,None,None,2,1,1005626260,31,True
6534479312,1650538028,None,None,2,1,1227183303,50,False
6534479312,1650538028,None,None,2,1,1228355759,19,False
6534479312,1650538028,None,None,2,1,1185918470,44,False
6534479312,1650538028,None,None,2,1,1200963940,25,False
6534479312,1650538028,None,None,2,1,928499811,43,False
6534436816,1650535340,3437,3,2,1,342337498,121,False
6534436816,1650535340,3437,3,2,1,173906452,85,False
6534436816,1650535340,3437,3,2,1,1251984026,63,False
6534436816,1650535340,3437,3,2,1,877800554,16,False
6534436816,1650535340,3437,3,2,1,1264871757,14,False
6534436816,1650535340,3437,3,2,1,1280585455,126,True
6534436816,1650535340,3437,3,2,1,1284323241,49,True
6534436816,1650535340,3437,3,2,1,350296466,19,True
6534436816,1650535340,3437,3,2,1,299806942,107,True
6534436816,1650535340,3437,3,2,1,1262266956,45,True
6534479312,1650538028,None,None,2,1,241467447,69,True
6534436816,1650535340,3437,3,2,1,342337498,121,False
6534336712,1650528547,5563,5,2,1,1078118200,42,True
6534336712,1650528547,5563,5,2,1,196400041,47,True
6534336712,1650528547,5563,5,2,1,387228584,16,True
6534336712,1650528547,5563,5,2,1,349513074,114,True
6534336712,1650528547,5563,5,2,1,242835570,60,True
6534336712,1650528547,5563,5,2,1,176047313,86,False
6534336712,1650528547,5563,5,2,1,1018920137,25,False
6534336712,1650528547,5563,5,2,1,149410038,129,False
6534336712,1650528547,5563,5,2,1,162077924,121,False
6534336712,1650528547,5563,5,2,1,146757995,8,False
6534279808,1650524502,6043,8,2,1,153727297,44,True
6534279808,1650524502,6043,8,2,1,118559150,121,True
6534279808,1650524502,6043,8,2,1,343084576,19,True
6534279808,1650524502,6043,8,2,1,237201026,126,True
6534279808,1650524502,6043,8,2,1,292829433,45,True
6534279808,1650524502,6043,8,2,1,110759067,79,False
6534279808,1650524502,6043,8,2,1,218367241,46,False
6534279808,1650524502,6043,8,2,1,145331311,129,False
6534279808,1650524502,6043,8,2,1,169756712,128,False
6534279808,1650524502,6043,8,2,1,136737280,23,False
6533388506,1650463781,7293,8,2,1,184950344,120,False
6533388506,1650463781,7293,8,2,1,94281932,36,False
6533388506,1650463781,7293,8,2,1,136829091,83,False
6533388506,1650463781,7293,8,2,1,121404228,3,False
6533388506,1650463781,7293,8,2,1,152545459,94,False
6533388506,1650463781,7293,8,2,1,100471531,129,True
6533388506,1650463781,7293,8,2,1,102099826,91,True
6533388506,1650463781,7293,8,2,1,164532005,106,True
6533388506,1650463781,7293,8,2,1,132309493,6,True
6533388506,1650463781,7293,8,2,1,148526973,85,True
6533313112,1650460999,5050,6,2,1,168762251,94,False
6533313112,1650460999,5050,6,2,1,248646480,129,False
6533313112,1650460999,5050,6,2,1,147424186,126,False
6533313112,1650460999,5050,6,2,1,369842667,90,False
6533313112,1650460999,5050,6,2,1,229037109,102,False
6533313112,1650460999,5050,6,2,1,204978090,19,True
6533313112,1650460999,5050,6,2,1,148677133,74,True
6533313112,1650460999,5050,6,2,1,49698664,121,True
6533313112,1650460999,5050,6,2,1,366222432,63,True
6533313112,1650460999,5050,6,2,1,182304190,76,True
